timeStamp,elapsed,label,responseCode,responseMessage,threadName,dataType,success,failureMessage,bytes,sentBytes,grpThreads,allThreads,URL,Filename,Latency,Encoding,SampleCount,ErrorCount,Hostname,IdleTime,Connect
1593489703092,57,POST VALID_NAME,200,,DemoApp Thread Group 1-1,,true,,121,227,1,1,http://localhost:8080/addCar,F:\disk E\Тестирование_материалы\jmeter_files\response_data\POST VALID_NAME_response_07.01.43_30.06.2020_1.unknown,57,ISO-8859-1,1,0,DNAPC,0,28
1593489703151,82,GET ALL,200,,DemoApp Thread Group 1-1,text,true,,526420,183,1,1,http://localhost:8080/search,F:\disk E\Тестирование_материалы\jmeter_files\response_data\GET ALL_response_07.01.43_30.06.2020_2.json,64,ISO-8859-1,1,0,DNAPC,0,0
1593489703248,2,GET VALID_NAME_AND_ID,200,,DemoApp Thread Group 1-1,text,true,,205,206,1,1,http://localhost:8080/search?id=1&name=aston-martin,F:\disk E\Тестирование_материалы\jmeter_files\response_data\GET VALID_NAME_AND_ID_response_07.01.43_30.06.2020_3.json,2,ISO-8859-1,1,0,DNAPC,0,0
1593489703252,1,GET VALID_ID,200,,DemoApp Thread Group 1-1,text,true,,205,188,1,1,http://localhost:8080/search?id=1,F:\disk E\Тестирование_материалы\jmeter_files\response_data\GET VALID_ID_response_07.01.43_30.06.2020_4.json,1,ISO-8859-1,1,0,DNAPC,0,0
1593489703254,23,GET VALID_NAME,200,,DemoApp Thread Group 1-1,text,true,,223135,201,1,1,http://localhost:8080/search?name=aston-martin,F:\disk E\Тестирование_материалы\jmeter_files\response_data\GET VALID_NAME_response_07.01.43_30.06.2020_5.json,17,ISO-8859-1,1,0,DNAPC,0,0
1593489703331,53,GET  EMPTY_NAME,200,,DemoApp Thread Group 1-1,text,true,,526420,189,1,1,http://localhost:8080/search?name=,F:\disk E\Тестирование_материалы\jmeter_files\response_data\GET  EMPTY_NAME_response_07.01.43_30.06.2020_6.json,38,ISO-8859-1,1,0,DNAPC,0,0
1593489703486,2,GET NON_NUMERIC_ID,400,,DemoApp Thread Group 1-1,text,true,,254,204,1,1,http://localhost:8080/search?id=non_numeric_value,F:\disk E\Тестирование_материалы\jmeter_files\response_data\GET NON_NUMERIC_ID_response_07.01.43_30.06.2020_7.json,2,ISO-8859-1,1,0,DNAPC,0,0
1593489703489,2,POST EMPTY_NAME,200,,DemoApp Thread Group 1-1,,true,,121,215,1,1,http://localhost:8080/addCar,F:\disk E\Тестирование_материалы\jmeter_files\response_data\POST EMPTY_NAME_response_07.01.43_30.06.2020_8.unknown,2,ISO-8859-1,1,0,DNAPC,0,1
1593489703492,49,GET ALL,200,,DemoApp Thread Group 1-1,text,true,,526443,183,1,1,http://localhost:8080/search,F:\disk E\Тестирование_материалы\jmeter_files\response_data\GET ALL_response_07.01.43_30.06.2020_9.json,33,ISO-8859-1,1,0,DNAPC,0,0
1593489703552,1,GET VALID_NAME_AND_ID,200,,DemoApp Thread Group 1-1,text,true,,205,206,1,1,http://localhost:8080/search?id=1&name=aston-martin,F:\disk E\Тестирование_материалы\jmeter_files\response_data\GET VALID_NAME_AND_ID_response_07.01.43_30.06.2020_10.json,1,ISO-8859-1,1,0,DNAPC,0,0
1593489703554,1,GET VALID_ID,200,,DemoApp Thread Group 1-1,text,true,,205,188,1,1,http://localhost:8080/search?id=1,F:\disk E\Тестирование_материалы\jmeter_files\response_data\GET VALID_ID_response_07.01.43_30.06.2020_11.json,1,ISO-8859-1,1,0,DNAPC,0,0
1593489703556,22,GET VALID_NAME,200,,DemoApp Thread Group 1-1,text,true,,223135,201,1,1,http://localhost:8080/search?name=aston-martin,F:\disk E\Тестирование_материалы\jmeter_files\response_data\GET VALID_NAME_response_07.01.43_30.06.2020_12.json,13,ISO-8859-1,1,0,DNAPC,0,0
1593489703603,52,GET  EMPTY_NAME,200,,DemoApp Thread Group 1-1,text,true,,526443,189,1,1,http://localhost:8080/search?name=,F:\disk E\Тестирование_материалы\jmeter_files\response_data\GET  EMPTY_NAME_response_07.01.43_30.06.2020_13.json,38,ISO-8859-1,1,0,DNAPC,0,0
1593489703758,2,GET NON_NUMERIC_ID,400,,DemoApp Thread Group 1-1,text,true,,254,204,1,1,http://localhost:8080/search?id=non_numeric_value,F:\disk E\Тестирование_материалы\jmeter_files\response_data\GET NON_NUMERIC_ID_response_07.01.43_30.06.2020_14.json,1,ISO-8859-1,1,0,DNAPC,0,0
1593489703761,2,POST NULL_NAME,200,,DemoApp Thread Group 1-1,,true,,121,217,1,1,http://localhost:8080/addCar,F:\disk E\Тестирование_материалы\jmeter_files\response_data\POST NULL_NAME_response_07.01.43_30.06.2020_15.unknown,2,ISO-8859-1,1,0,DNAPC,0,1
1593489703764,50,GET ALL,200,,DemoApp Thread Group 1-1,text,true,,526468,183,1,1,http://localhost:8080/search,F:\disk E\Тестирование_материалы\jmeter_files\response_data\GET ALL_response_07.01.43_30.06.2020_16.json,35,ISO-8859-1,1,0,DNAPC,0,0
1593489703824,3,GET VALID_NAME_AND_ID,200,,DemoApp Thread Group 1-1,text,true,,205,206,1,1,http://localhost:8080/search?id=1&name=aston-martin,F:\disk E\Тестирование_материалы\jmeter_files\response_data\GET VALID_NAME_AND_ID_response_07.01.43_30.06.2020_17.json,3,ISO-8859-1,1,0,DNAPC,0,0
1593489703828,1,GET VALID_ID,200,,DemoApp Thread Group 1-1,text,true,,205,188,1,1,http://localhost:8080/search?id=1,F:\disk E\Тестирование_материалы\jmeter_files\response_data\GET VALID_ID_response_07.01.43_30.06.2020_18.json,1,ISO-8859-1,1,0,DNAPC,0,0
1593489703830,18,GET VALID_NAME,200,,DemoApp Thread Group 1-1,text,true,,223135,201,1,1,http://localhost:8080/search?name=aston-martin,F:\disk E\Тестирование_материалы\jmeter_files\response_data\GET VALID_NAME_response_07.01.43_30.06.2020_19.json,13,ISO-8859-1,1,0,DNAPC,0,0
1593489703873,49,GET  EMPTY_NAME,200,,DemoApp Thread Group 1-1,text,true,,526468,189,1,1,http://localhost:8080/search?name=,F:\disk E\Тестирование_материалы\jmeter_files\response_data\GET  EMPTY_NAME_response_07.01.43_30.06.2020_20.json,35,ISO-8859-1,1,0,DNAPC,0,0
1593489704002,2,GET NON_NUMERIC_ID,400,,DemoApp Thread Group 1-1,text,true,,254,204,1,1,http://localhost:8080/search?id=non_numeric_value,F:\disk E\Тестирование_материалы\jmeter_files\response_data\GET NON_NUMERIC_ID_response_07.01.44_30.06.2020_21.json,2,ISO-8859-1,1,0,DNAPC,0,0
1593489704006,2,POST VALID_NAME,200,,DemoApp Thread Group 1-1,,true,,121,227,1,1,http://localhost:8080/addCar,F:\disk E\Тестирование_материалы\jmeter_files\response_data\POST VALID_NAME_response_07.01.44_30.06.2020_22.unknown,2,ISO-8859-1,1,0,DNAPC,0,1
1593489704009,51,GET ALL,200,,DemoApp Thread Group 1-1,text,true,,526503,183,1,1,http://localhost:8080/search,F:\disk E\Тестирование_материалы\jmeter_files\response_data\GET ALL_response_07.01.44_30.06.2020_23.json,34,ISO-8859-1,1,0,DNAPC,0,0
1593489704072,2,GET VALID_NAME_AND_ID,200,,DemoApp Thread Group 1-1,text,true,,205,206,1,1,http://localhost:8080/search?id=1&name=aston-martin,F:\disk E\Тестирование_материалы\jmeter_files\response_data\GET VALID_NAME_AND_ID_response_07.01.44_30.06.2020_24.json,2,ISO-8859-1,1,0,DNAPC,0,0
1593489704075,3,GET VALID_ID,200,,DemoApp Thread Group 1-1,text,true,,205,188,1,1,http://localhost:8080/search?id=1,F:\disk E\Тестирование_материалы\jmeter_files\response_data\GET VALID_ID_response_07.01.44_30.06.2020_25.json,3,ISO-8859-1,1,0,DNAPC,0,0
1593489704079,25,GET VALID_NAME,200,,DemoApp Thread Group 1-1,text,true,,223170,201,1,1,http://localhost:8080/search?name=aston-martin,F:\disk E\Тестирование_материалы\jmeter_files\response_data\GET VALID_NAME_response_07.01.44_30.06.2020_26.json,14,ISO-8859-1,1,0,DNAPC,0,0
1593489704134,53,GET  EMPTY_NAME,200,,DemoApp Thread Group 1-1,text,true,,526503,189,1,1,http://localhost:8080/search?name=,F:\disk E\Тестирование_материалы\jmeter_files\response_data\GET  EMPTY_NAME_response_07.01.44_30.06.2020_27.json,38,ISO-8859-1,1,0,DNAPC,0,0
1593489704251,2,GET NON_NUMERIC_ID,400,,DemoApp Thread Group 1-1,text,true,,254,204,1,1,http://localhost:8080/search?id=non_numeric_value,F:\disk E\Тестирование_материалы\jmeter_files\response_data\GET NON_NUMERIC_ID_response_07.01.44_30.06.2020_28.json,2,ISO-8859-1,1,0,DNAPC,0,0
1593489704254,2,POST EMPTY_NAME,200,,DemoApp Thread Group 1-1,,true,,121,215,1,1,http://localhost:8080/addCar,F:\disk E\Тестирование_материалы\jmeter_files\response_data\POST EMPTY_NAME_response_07.01.44_30.06.2020_29.unknown,2,ISO-8859-1,1,0,DNAPC,0,1
1593489704257,47,GET ALL,200,,DemoApp Thread Group 1-1,text,true,,526526,183,1,1,http://localhost:8080/search,F:\disk E\Тестирование_материалы\jmeter_files\response_data\GET ALL_response_07.01.44_30.06.2020_30.json,33,ISO-8859-1,1,0,DNAPC,0,0
1593489704315,1,GET VALID_NAME_AND_ID,200,,DemoApp Thread Group 1-1,text,true,,205,206,1,1,http://localhost:8080/search?id=1&name=aston-martin,F:\disk E\Тестирование_материалы\jmeter_files\response_data\GET VALID_NAME_AND_ID_response_07.01.44_30.06.2020_31.json,1,ISO-8859-1,1,0,DNAPC,0,0
1593489704317,1,GET VALID_ID,200,,DemoApp Thread Group 1-1,text,true,,205,188,1,1,http://localhost:8080/search?id=1,F:\disk E\Тестирование_материалы\jmeter_files\response_data\GET VALID_ID_response_07.01.44_30.06.2020_32.json,1,ISO-8859-1,1,0,DNAPC,0,0
1593489704319,21,GET VALID_NAME,200,,DemoApp Thread Group 1-1,text,true,,223170,201,1,1,http://localhost:8080/search?name=aston-martin,F:\disk E\Тестирование_материалы\jmeter_files\response_data\GET VALID_NAME_response_07.01.44_30.06.2020_33.json,16,ISO-8859-1,1,0,DNAPC,0,0
1593489704365,49,GET  EMPTY_NAME,200,,DemoApp Thread Group 1-1,text,true,,526526,189,1,1,http://localhost:8080/search?name=,F:\disk E\Тестирование_материалы\jmeter_files\response_data\GET  EMPTY_NAME_response_07.01.44_30.06.2020_34.json,35,ISO-8859-1,1,0,DNAPC,0,0
1593489704472,2,GET NON_NUMERIC_ID,400,,DemoApp Thread Group 1-1,text,true,,254,204,1,1,http://localhost:8080/search?id=non_numeric_value,F:\disk E\Тестирование_материалы\jmeter_files\response_data\GET NON_NUMERIC_ID_response_07.01.44_30.06.2020_35.json,1,ISO-8859-1,1,0,DNAPC,0,0
1593489704475,2,POST NULL_NAME,200,,DemoApp Thread Group 1-1,,true,,121,217,1,1,http://localhost:8080/addCar,F:\disk E\Тестирование_материалы\jmeter_files\response_data\POST NULL_NAME_response_07.01.44_30.06.2020_36.unknown,2,ISO-8859-1,1,0,DNAPC,0,1
1593489704478,48,GET ALL,200,,DemoApp Thread Group 1-1,text,true,,526551,183,1,1,http://localhost:8080/search,F:\disk E\Тестирование_материалы\jmeter_files\response_data\GET ALL_response_07.01.44_30.06.2020_37.json,34,ISO-8859-1,1,0,DNAPC,0,0
1593489704537,2,GET VALID_NAME_AND_ID,200,,DemoApp Thread Group 1-1,text,true,,205,206,1,1,http://localhost:8080/search?id=1&name=aston-martin,F:\disk E\Тестирование_материалы\jmeter_files\response_data\GET VALID_NAME_AND_ID_response_07.01.44_30.06.2020_38.json,2,ISO-8859-1,1,0,DNAPC,0,0
1593489704540,1,GET VALID_ID,200,,DemoApp Thread Group 1-1,text,true,,205,188,1,1,http://localhost:8080/search?id=1,F:\disk E\Тестирование_материалы\jmeter_files\response_data\GET VALID_ID_response_07.01.44_30.06.2020_39.json,1,ISO-8859-1,1,0,DNAPC,0,0
1593489704542,19,GET VALID_NAME,200,,DemoApp Thread Group 1-1,text,true,,223170,201,1,1,http://localhost:8080/search?name=aston-martin,F:\disk E\Тестирование_материалы\jmeter_files\response_data\GET VALID_NAME_response_07.01.44_30.06.2020_40.json,14,ISO-8859-1,1,0,DNAPC,0,0
1593489704589,63,GET  EMPTY_NAME,200,,DemoApp Thread Group 1-1,text,true,,526551,189,1,1,http://localhost:8080/search?name=,F:\disk E\Тестирование_материалы\jmeter_files\response_data\GET  EMPTY_NAME_response_07.01.44_30.06.2020_41.json,49,ISO-8859-1,1,0,DNAPC,0,0
1593489704720,2,GET NON_NUMERIC_ID,400,,DemoApp Thread Group 1-1,text,true,,254,204,1,1,http://localhost:8080/search?id=non_numeric_value,F:\disk E\Тестирование_материалы\jmeter_files\response_data\GET NON_NUMERIC_ID_response_07.01.44_30.06.2020_42.json,2,ISO-8859-1,1,0,DNAPC,0,0
1593489704724,5,POST VALID_NAME,200,,DemoApp Thread Group 1-1,,true,,121,227,1,1,http://localhost:8080/addCar,F:\disk E\Тестирование_материалы\jmeter_files\response_data\POST VALID_NAME_response_07.01.44_30.06.2020_43.unknown,5,ISO-8859-1,1,0,DNAPC,0,2
1593489704731,54,GET ALL,200,,DemoApp Thread Group 1-1,text,true,,526586,183,1,1,http://localhost:8080/search,F:\disk E\Тестирование_материалы\jmeter_files\response_data\GET ALL_response_07.01.44_30.06.2020_44.json,40,ISO-8859-1,1,0,DNAPC,0,0
1593489704795,1,GET VALID_NAME_AND_ID,200,,DemoApp Thread Group 1-1,text,true,,205,206,1,1,http://localhost:8080/search?id=1&name=aston-martin,F:\disk E\Тестирование_материалы\jmeter_files\response_data\GET VALID_NAME_AND_ID_response_07.01.44_30.06.2020_45.json,1,ISO-8859-1,1,0,DNAPC,0,0
1593489704797,1,GET VALID_ID,200,,DemoApp Thread Group 1-1,text,true,,205,188,1,1,http://localhost:8080/search?id=1,F:\disk E\Тестирование_материалы\jmeter_files\response_data\GET VALID_ID_response_07.01.44_30.06.2020_46.json,1,ISO-8859-1,1,0,DNAPC,0,0
1593489704799,18,GET VALID_NAME,200,,DemoApp Thread Group 1-1,text,true,,223205,201,1,1,http://localhost:8080/search?name=aston-martin,F:\disk E\Тестирование_материалы\jmeter_files\response_data\GET VALID_NAME_response_07.01.44_30.06.2020_47.json,13,ISO-8859-1,1,0,DNAPC,0,0
1593489704842,48,GET  EMPTY_NAME,200,,DemoApp Thread Group 1-1,text,true,,526586,189,1,1,http://localhost:8080/search?name=,F:\disk E\Тестирование_материалы\jmeter_files\response_data\GET  EMPTY_NAME_response_07.01.44_30.06.2020_48.json,34,ISO-8859-1,1,0,DNAPC,0,0
1593489704954,2,GET NON_NUMERIC_ID,400,,DemoApp Thread Group 1-1,text,true,,254,204,1,1,http://localhost:8080/search?id=non_numeric_value,F:\disk E\Тестирование_материалы\jmeter_files\response_data\GET NON_NUMERIC_ID_response_07.01.44_30.06.2020_49.json,2,ISO-8859-1,1,0,DNAPC,0,0
1593489704957,3,POST EMPTY_NAME,200,,DemoApp Thread Group 1-1,,true,,121,215,1,1,http://localhost:8080/addCar,F:\disk E\Тестирование_материалы\jmeter_files\response_data\POST EMPTY_NAME_response_07.01.44_30.06.2020_50.unknown,3,ISO-8859-1,1,0,DNAPC,0,2
1593489704961,49,GET ALL,200,,DemoApp Thread Group 1-1,text,true,,526609,183,1,1,http://localhost:8080/search,F:\disk E\Тестирование_материалы\jmeter_files\response_data\GET ALL_response_07.01.45_30.06.2020_51.json,34,ISO-8859-1,1,0,DNAPC,0,0
1593489705020,2,GET VALID_NAME_AND_ID,200,,DemoApp Thread Group 1-1,text,true,,205,206,1,1,http://localhost:8080/search?id=1&name=aston-martin,F:\disk E\Тестирование_материалы\jmeter_files\response_data\GET VALID_NAME_AND_ID_response_07.01.45_30.06.2020_52.json,2,ISO-8859-1,1,0,DNAPC,0,0
1593489705023,1,GET VALID_ID,200,,DemoApp Thread Group 1-1,text,true,,205,188,1,1,http://localhost:8080/search?id=1,F:\disk E\Тестирование_материалы\jmeter_files\response_data\GET VALID_ID_response_07.01.45_30.06.2020_53.json,1,ISO-8859-1,1,0,DNAPC,0,0
1593489705025,19,GET VALID_NAME,200,,DemoApp Thread Group 1-1,text,true,,223205,201,1,1,http://localhost:8080/search?name=aston-martin,F:\disk E\Тестирование_материалы\jmeter_files\response_data\GET VALID_NAME_response_07.01.45_30.06.2020_54.json,14,ISO-8859-1,1,0,DNAPC,0,0
1593489705069,88,GET  EMPTY_NAME,200,,DemoApp Thread Group 1-1,text,true,,526609,189,1,1,http://localhost:8080/search?name=,F:\disk E\Тестирование_материалы\jmeter_files\response_data\GET  EMPTY_NAME_response_07.01.45_30.06.2020_55.json,74,ISO-8859-1,1,0,DNAPC,0,0
1593489705211,2,GET NON_NUMERIC_ID,400,,DemoApp Thread Group 1-1,text,true,,254,204,1,1,http://localhost:8080/search?id=non_numeric_value,F:\disk E\Тестирование_материалы\jmeter_files\response_data\GET NON_NUMERIC_ID_response_07.01.45_30.06.2020_56.json,1,ISO-8859-1,1,0,DNAPC,0,0
1593489705214,2,POST NULL_NAME,200,,DemoApp Thread Group 1-1,,true,,121,217,1,1,http://localhost:8080/addCar,F:\disk E\Тестирование_материалы\jmeter_files\response_data\POST NULL_NAME_response_07.01.45_30.06.2020_57.unknown,2,ISO-8859-1,1,0,DNAPC,0,1
1593489705217,48,GET ALL,200,,DemoApp Thread Group 1-1,text,true,,526634,183,1,1,http://localhost:8080/search,F:\disk E\Тестирование_материалы\jmeter_files\response_data\GET ALL_response_07.01.45_30.06.2020_58.json,33,ISO-8859-1,1,0,DNAPC,0,0
1593489705276,1,GET VALID_NAME_AND_ID,200,,DemoApp Thread Group 1-1,text,true,,205,206,1,1,http://localhost:8080/search?id=1&name=aston-martin,F:\disk E\Тестирование_материалы\jmeter_files\response_data\GET VALID_NAME_AND_ID_response_07.01.45_30.06.2020_59.json,1,ISO-8859-1,1,0,DNAPC,0,0
1593489705278,1,GET VALID_ID,200,,DemoApp Thread Group 1-1,text,true,,205,188,1,1,http://localhost:8080/search?id=1,F:\disk E\Тестирование_материалы\jmeter_files\response_data\GET VALID_ID_response_07.01.45_30.06.2020_60.json,1,ISO-8859-1,1,0,DNAPC,0,0
1593489705281,19,GET VALID_NAME,200,,DemoApp Thread Group 1-1,text,true,,223205,201,1,1,http://localhost:8080/search?name=aston-martin,F:\disk E\Тестирование_материалы\jmeter_files\response_data\GET VALID_NAME_response_07.01.45_30.06.2020_61.json,14,ISO-8859-1,1,0,DNAPC,0,0
1593489705336,53,GET  EMPTY_NAME,200,,DemoApp Thread Group 1-1,text,true,,526634,189,1,1,http://localhost:8080/search?name=,F:\disk E\Тестирование_материалы\jmeter_files\response_data\GET  EMPTY_NAME_response_07.01.45_30.06.2020_62.json,36,ISO-8859-1,1,0,DNAPC,0,0
1593489705440,3,GET NON_NUMERIC_ID,400,,DemoApp Thread Group 1-1,text,true,,254,204,1,1,http://localhost:8080/search?id=non_numeric_value,F:\disk E\Тестирование_материалы\jmeter_files\response_data\GET NON_NUMERIC_ID_response_07.01.45_30.06.2020_63.json,2,ISO-8859-1,1,0,DNAPC,0,0
1593489705444,3,POST VALID_NAME,200,,DemoApp Thread Group 1-1,,true,,121,227,1,1,http://localhost:8080/addCar,F:\disk E\Тестирование_материалы\jmeter_files\response_data\POST VALID_NAME_response_07.01.45_30.06.2020_64.unknown,3,ISO-8859-1,1,0,DNAPC,0,1
1593489705448,50,GET ALL,200,,DemoApp Thread Group 1-1,text,true,,526669,183,1,1,http://localhost:8080/search,F:\disk E\Тестирование_материалы\jmeter_files\response_data\GET ALL_response_07.01.45_30.06.2020_65.json,34,ISO-8859-1,1,0,DNAPC,0,0
1593489705532,1,GET VALID_NAME_AND_ID,200,,DemoApp Thread Group 1-1,text,true,,205,206,1,1,http://localhost:8080/search?id=1&name=aston-martin,F:\disk E\Тестирование_материалы\jmeter_files\response_data\GET VALID_NAME_AND_ID_response_07.01.45_30.06.2020_66.json,1,ISO-8859-1,1,0,DNAPC,0,0
1593489705535,1,GET VALID_ID,200,,DemoApp Thread Group 1-1,text,true,,205,188,1,1,http://localhost:8080/search?id=1,F:\disk E\Тестирование_материалы\jmeter_files\response_data\GET VALID_ID_response_07.01.45_30.06.2020_67.json,0,ISO-8859-1,1,0,DNAPC,0,0
1593489705537,18,GET VALID_NAME,200,,DemoApp Thread Group 1-1,text,true,,223240,201,1,1,http://localhost:8080/search?name=aston-martin,F:\disk E\Тестирование_материалы\jmeter_files\response_data\GET VALID_NAME_response_07.01.45_30.06.2020_68.json,13,ISO-8859-1,1,0,DNAPC,0,0
1593489705584,60,GET  EMPTY_NAME,200,,DemoApp Thread Group 1-1,text,true,,526669,189,1,1,http://localhost:8080/search?name=,F:\disk E\Тестирование_материалы\jmeter_files\response_data\GET  EMPTY_NAME_response_07.01.45_30.06.2020_69.json,43,ISO-8859-1,1,0,DNAPC,0,0
1593489705711,1,GET NON_NUMERIC_ID,400,,DemoApp Thread Group 1-1,text,true,,254,204,1,1,http://localhost:8080/search?id=non_numeric_value,F:\disk E\Тестирование_материалы\jmeter_files\response_data\GET NON_NUMERIC_ID_response_07.01.45_30.06.2020_70.json,1,ISO-8859-1,1,0,DNAPC,0,0
1593489705713,3,POST EMPTY_NAME,200,,DemoApp Thread Group 1-1,,true,,121,215,1,1,http://localhost:8080/addCar,F:\disk E\Тестирование_материалы\jmeter_files\response_data\POST EMPTY_NAME_response_07.01.45_30.06.2020_71.unknown,3,ISO-8859-1,1,0,DNAPC,0,1
1593489705717,58,GET ALL,200,,DemoApp Thread Group 1-1,text,true,,526692,183,1,1,http://localhost:8080/search,F:\disk E\Тестирование_материалы\jmeter_files\response_data\GET ALL_response_07.01.45_30.06.2020_72.json,44,ISO-8859-1,1,0,DNAPC,0,0
1593489705785,2,GET VALID_NAME_AND_ID,200,,DemoApp Thread Group 1-1,text,true,,205,206,1,1,http://localhost:8080/search?id=1&name=aston-martin,F:\disk E\Тестирование_материалы\jmeter_files\response_data\GET VALID_NAME_AND_ID_response_07.01.45_30.06.2020_73.json,2,ISO-8859-1,1,0,DNAPC,0,0
1593489705788,0,GET VALID_ID,200,,DemoApp Thread Group 1-1,text,true,,205,188,1,1,http://localhost:8080/search?id=1,F:\disk E\Тестирование_материалы\jmeter_files\response_data\GET VALID_ID_response_07.01.45_30.06.2020_74.json,0,ISO-8859-1,1,0,DNAPC,0,0
1593489705789,19,GET VALID_NAME,200,,DemoApp Thread Group 1-1,text,true,,223240,201,1,1,http://localhost:8080/search?name=aston-martin,F:\disk E\Тестирование_материалы\jmeter_files\response_data\GET VALID_NAME_response_07.01.45_30.06.2020_75.json,14,ISO-8859-1,1,0,DNAPC,0,0
1593489705826,48,GET  EMPTY_NAME,200,,DemoApp Thread Group 1-1,text,true,,526692,189,1,1,http://localhost:8080/search?name=,F:\disk E\Тестирование_материалы\jmeter_files\response_data\GET  EMPTY_NAME_response_07.01.45_30.06.2020_76.json,34,ISO-8859-1,1,0,DNAPC,0,0
1593489705927,1,GET NON_NUMERIC_ID,400,,DemoApp Thread Group 1-1,text,true,,254,204,1,1,http://localhost:8080/search?id=non_numeric_value,F:\disk E\Тестирование_материалы\jmeter_files\response_data\GET NON_NUMERIC_ID_response_07.01.45_30.06.2020_77.json,1,ISO-8859-1,1,0,DNAPC,0,0
1593489705930,2,POST NULL_NAME,200,,DemoApp Thread Group 1-1,,true,,121,217,1,1,http://localhost:8080/addCar,F:\disk E\Тестирование_материалы\jmeter_files\response_data\POST NULL_NAME_response_07.01.45_30.06.2020_78.unknown,2,ISO-8859-1,1,0,DNAPC,0,1
1593489705933,49,GET ALL,200,,DemoApp Thread Group 1-1,text,true,,526717,183,1,1,http://localhost:8080/search,F:\disk E\Тестирование_материалы\jmeter_files\response_data\GET ALL_response_07.01.45_30.06.2020_79.json,35,ISO-8859-1,1,0,DNAPC,0,0
1593489705993,1,GET VALID_NAME_AND_ID,200,,DemoApp Thread Group 1-1,text,true,,205,206,1,1,http://localhost:8080/search?id=1&name=aston-martin,F:\disk E\Тестирование_материалы\jmeter_files\response_data\GET VALID_NAME_AND_ID_response_07.01.45_30.06.2020_80.json,1,ISO-8859-1,1,0,DNAPC,0,0
1593489705995,1,GET VALID_ID,200,,DemoApp Thread Group 1-1,text,true,,205,188,1,1,http://localhost:8080/search?id=1,F:\disk E\Тестирование_материалы\jmeter_files\response_data\GET VALID_ID_response_07.01.45_30.06.2020_81.json,1,ISO-8859-1,1,0,DNAPC,0,0
1593489706011,18,GET VALID_NAME,200,,DemoApp Thread Group 1-1,text,true,,223240,201,1,1,http://localhost:8080/search?name=aston-martin,F:\disk E\Тестирование_материалы\jmeter_files\response_data\GET VALID_NAME_response_07.01.46_30.06.2020_82.json,13,ISO-8859-1,1,0,DNAPC,0,0
1593489706047,49,GET  EMPTY_NAME,200,,DemoApp Thread Group 1-1,text,true,,526717,189,1,1,http://localhost:8080/search?name=,F:\disk E\Тестирование_материалы\jmeter_files\response_data\GET  EMPTY_NAME_response_07.01.46_30.06.2020_83.json,34,ISO-8859-1,1,0,DNAPC,0,0
1593489706147,1,GET NON_NUMERIC_ID,400,,DemoApp Thread Group 1-1,text,true,,254,204,1,1,http://localhost:8080/search?id=non_numeric_value,F:\disk E\Тестирование_материалы\jmeter_files\response_data\GET NON_NUMERIC_ID_response_07.01.46_30.06.2020_84.json,1,ISO-8859-1,1,0,DNAPC,0,0
1593489706151,3,POST VALID_NAME,200,,DemoApp Thread Group 1-1,,true,,121,227,1,1,http://localhost:8080/addCar,F:\disk E\Тестирование_материалы\jmeter_files\response_data\POST VALID_NAME_response_07.01.46_30.06.2020_85.unknown,3,ISO-8859-1,1,0,DNAPC,0,1
1593489706157,53,GET ALL,200,,DemoApp Thread Group 1-1,text,true,,526752,183,1,1,http://localhost:8080/search,F:\disk E\Тестирование_материалы\jmeter_files\response_data\GET ALL_response_07.01.46_30.06.2020_86.json,39,ISO-8859-1,1,0,DNAPC,0,0
1593489706231,1,GET VALID_NAME_AND_ID,200,,DemoApp Thread Group 1-1,text,true,,205,206,1,1,http://localhost:8080/search?id=1&name=aston-martin,F:\disk E\Тестирование_материалы\jmeter_files\response_data\GET VALID_NAME_AND_ID_response_07.01.46_30.06.2020_87.json,1,ISO-8859-1,1,0,DNAPC,0,0
1593489706233,1,GET VALID_ID,200,,DemoApp Thread Group 1-1,text,true,,205,188,1,1,http://localhost:8080/search?id=1,F:\disk E\Тестирование_материалы\jmeter_files\response_data\GET VALID_ID_response_07.01.46_30.06.2020_88.json,1,ISO-8859-1,1,0,DNAPC,0,0
1593489706236,18,GET VALID_NAME,200,,DemoApp Thread Group 1-1,text,true,,223275,201,1,1,http://localhost:8080/search?name=aston-martin,F:\disk E\Тестирование_материалы\jmeter_files\response_data\GET VALID_NAME_response_07.01.46_30.06.2020_89.json,13,ISO-8859-1,1,0,DNAPC,0,0
1593489706271,48,GET  EMPTY_NAME,200,,DemoApp Thread Group 1-1,text,true,,526752,189,1,1,http://localhost:8080/search?name=,F:\disk E\Тестирование_материалы\jmeter_files\response_data\GET  EMPTY_NAME_response_07.01.46_30.06.2020_90.json,34,ISO-8859-1,1,0,DNAPC,0,0
1593489706369,2,GET NON_NUMERIC_ID,400,,DemoApp Thread Group 1-1,text,true,,254,204,1,1,http://localhost:8080/search?id=non_numeric_value,F:\disk E\Тестирование_материалы\jmeter_files\response_data\GET NON_NUMERIC_ID_response_07.01.46_30.06.2020_91.json,2,ISO-8859-1,1,0,DNAPC,0,0
1593489706394,2,POST EMPTY_NAME,200,,DemoApp Thread Group 1-1,,true,,121,215,1,1,http://localhost:8080/addCar,F:\disk E\Тестирование_материалы\jmeter_files\response_data\POST EMPTY_NAME_response_07.01.46_30.06.2020_92.unknown,2,ISO-8859-1,1,0,DNAPC,0,1
1593489706404,48,GET ALL,200,,DemoApp Thread Group 1-1,text,true,,526775,183,1,1,http://localhost:8080/search,F:\disk E\Тестирование_материалы\jmeter_files\response_data\GET ALL_response_07.01.46_30.06.2020_93.json,34,ISO-8859-1,1,0,DNAPC,0,0
1593489706476,2,GET VALID_NAME_AND_ID,200,,DemoApp Thread Group 1-1,text,true,,205,206,1,1,http://localhost:8080/search?id=1&name=aston-martin,F:\disk E\Тестирование_материалы\jmeter_files\response_data\GET VALID_NAME_AND_ID_response_07.01.46_30.06.2020_94.json,2,ISO-8859-1,1,0,DNAPC,0,0
1593489706485,1,GET VALID_ID,200,,DemoApp Thread Group 1-1,text,true,,205,188,1,1,http://localhost:8080/search?id=1,F:\disk E\Тестирование_материалы\jmeter_files\response_data\GET VALID_ID_response_07.01.46_30.06.2020_95.json,1,ISO-8859-1,1,0,DNAPC,0,0
1593489706487,18,GET VALID_NAME,200,,DemoApp Thread Group 1-1,text,true,,223275,201,1,1,http://localhost:8080/search?name=aston-martin,F:\disk E\Тестирование_материалы\jmeter_files\response_data\GET VALID_NAME_response_07.01.46_30.06.2020_96.json,13,ISO-8859-1,1,0,DNAPC,0,0
1593489706545,48,GET  EMPTY_NAME,200,,DemoApp Thread Group 1-1,text,true,,526775,189,1,1,http://localhost:8080/search?name=,F:\disk E\Тестирование_материалы\jmeter_files\response_data\GET  EMPTY_NAME_response_07.01.46_30.06.2020_97.json,33,ISO-8859-1,1,0,DNAPC,0,0
1593489706662,2,GET NON_NUMERIC_ID,400,,DemoApp Thread Group 1-1,text,true,,254,204,1,1,http://localhost:8080/search?id=non_numeric_value,F:\disk E\Тестирование_материалы\jmeter_files\response_data\GET NON_NUMERIC_ID_response_07.01.46_30.06.2020_98.json,1,ISO-8859-1,1,0,DNAPC,0,0
1593489706665,2,POST NULL_NAME,200,,DemoApp Thread Group 1-1,,true,,121,217,1,1,http://localhost:8080/addCar,F:\disk E\Тестирование_материалы\jmeter_files\response_data\POST NULL_NAME_response_07.01.46_30.06.2020_99.unknown,2,ISO-8859-1,1,0,DNAPC,0,1
1593489706668,55,GET ALL,200,,DemoApp Thread Group 1-1,text,true,,526800,183,1,1,http://localhost:8080/search,F:\disk E\Тестирование_материалы\jmeter_files\response_data\GET ALL_response_07.01.46_30.06.2020_100.json,38,ISO-8859-1,1,0,DNAPC,0,0
1593489706738,2,GET VALID_NAME_AND_ID,200,,DemoApp Thread Group 1-1,text,true,,205,206,1,1,http://localhost:8080/search?id=1&name=aston-martin,F:\disk E\Тестирование_материалы\jmeter_files\response_data\GET VALID_NAME_AND_ID_response_07.01.46_30.06.2020_101.json,1,ISO-8859-1,1,0,DNAPC,0,0
1593489706741,2,GET VALID_ID,200,,DemoApp Thread Group 1-1,text,true,,205,188,1,1,http://localhost:8080/search?id=1,F:\disk E\Тестирование_материалы\jmeter_files\response_data\GET VALID_ID_response_07.01.46_30.06.2020_102.json,2,ISO-8859-1,1,0,DNAPC,0,0
1593489706744,21,GET VALID_NAME,200,,DemoApp Thread Group 1-1,text,true,,223275,201,1,1,http://localhost:8080/search?name=aston-martin,F:\disk E\Тестирование_материалы\jmeter_files\response_data\GET VALID_NAME_response_07.01.46_30.06.2020_103.json,16,ISO-8859-1,1,0,DNAPC,0,0
1593489706787,50,GET  EMPTY_NAME,200,,DemoApp Thread Group 1-1,text,true,,526800,189,1,1,http://localhost:8080/search?name=,F:\disk E\Тестирование_материалы\jmeter_files\response_data\GET  EMPTY_NAME_response_07.01.46_30.06.2020_104.json,36,ISO-8859-1,1,0,DNAPC,0,0
1593489706888,1,GET NON_NUMERIC_ID,400,,DemoApp Thread Group 1-1,text,true,,254,204,1,1,http://localhost:8080/search?id=non_numeric_value,F:\disk E\Тестирование_материалы\jmeter_files\response_data\GET NON_NUMERIC_ID_response_07.01.46_30.06.2020_105.json,1,ISO-8859-1,1,0,DNAPC,0,0
1593489706891,3,POST VALID_NAME,200,,DemoApp Thread Group 1-1,,true,,121,227,1,1,http://localhost:8080/addCar,F:\disk E\Тестирование_материалы\jmeter_files\response_data\POST VALID_NAME_response_07.01.46_30.06.2020_106.unknown,3,ISO-8859-1,1,0,DNAPC,0,1
1593489706895,47,GET ALL,200,,DemoApp Thread Group 1-1,text,true,,526835,183,1,1,http://localhost:8080/search,F:\disk E\Тестирование_материалы\jmeter_files\response_data\GET ALL_response_07.01.46_30.06.2020_107.json,33,ISO-8859-1,1,0,DNAPC,0,0
1593489706952,1,GET VALID_NAME_AND_ID,200,,DemoApp Thread Group 1-1,text,true,,205,206,1,1,http://localhost:8080/search?id=1&name=aston-martin,F:\disk E\Тестирование_материалы\jmeter_files\response_data\GET VALID_NAME_AND_ID_response_07.01.46_30.06.2020_108.json,1,ISO-8859-1,1,0,DNAPC,0,0
1593489706955,0,GET VALID_ID,200,,DemoApp Thread Group 1-1,text,true,,205,188,1,1,http://localhost:8080/search?id=1,F:\disk E\Тестирование_материалы\jmeter_files\response_data\GET VALID_ID_response_07.01.46_30.06.2020_109.json,0,ISO-8859-1,1,0,DNAPC,0,0
1593489706956,19,GET VALID_NAME,200,,DemoApp Thread Group 1-1,text,true,,223310,201,1,1,http://localhost:8080/search?name=aston-martin,F:\disk E\Тестирование_материалы\jmeter_files\response_data\GET VALID_NAME_response_07.01.46_30.06.2020_110.json,14,ISO-8859-1,1,0,DNAPC,0,0
1593489706993,53,GET  EMPTY_NAME,200,,DemoApp Thread Group 1-1,text,true,,526835,189,1,1,http://localhost:8080/search?name=,F:\disk E\Тестирование_материалы\jmeter_files\response_data\GET  EMPTY_NAME_response_07.01.47_30.06.2020_111.json,39,ISO-8859-1,1,0,DNAPC,0,0
1593489707097,1,GET NON_NUMERIC_ID,400,,DemoApp Thread Group 1-1,text,true,,254,204,1,1,http://localhost:8080/search?id=non_numeric_value,F:\disk E\Тестирование_материалы\jmeter_files\response_data\GET NON_NUMERIC_ID_response_07.01.47_30.06.2020_112.json,1,ISO-8859-1,1,0,DNAPC,0,0
1593489707117,3,POST EMPTY_NAME,200,,DemoApp Thread Group 1-1,,true,,121,215,1,1,http://localhost:8080/addCar,F:\disk E\Тестирование_материалы\jmeter_files\response_data\POST EMPTY_NAME_response_07.01.47_30.06.2020_113.unknown,3,ISO-8859-1,1,0,DNAPC,0,2
1593489707122,58,GET ALL,200,,DemoApp Thread Group 1-1,text,true,,526858,183,1,1,http://localhost:8080/search,F:\disk E\Тестирование_материалы\jmeter_files\response_data\GET ALL_response_07.01.47_30.06.2020_114.json,43,ISO-8859-1,1,0,DNAPC,0,0
1593489707190,4,GET VALID_NAME_AND_ID,200,,DemoApp Thread Group 1-1,text,true,,205,206,1,1,http://localhost:8080/search?id=1&name=aston-martin,F:\disk E\Тестирование_материалы\jmeter_files\response_data\GET VALID_NAME_AND_ID_response_07.01.47_30.06.2020_115.json,3,ISO-8859-1,1,0,DNAPC,0,0
1593489707195,2,GET VALID_ID,200,,DemoApp Thread Group 1-1,text,true,,205,188,1,1,http://localhost:8080/search?id=1,F:\disk E\Тестирование_материалы\jmeter_files\response_data\GET VALID_ID_response_07.01.47_30.06.2020_116.json,2,ISO-8859-1,1,0,DNAPC,0,0
1593489707198,20,GET VALID_NAME,200,,DemoApp Thread Group 1-1,text,true,,223310,201,1,1,http://localhost:8080/search?name=aston-martin,F:\disk E\Тестирование_материалы\jmeter_files\response_data\GET VALID_NAME_response_07.01.47_30.06.2020_117.json,15,ISO-8859-1,1,0,DNAPC,0,0
1593489707237,52,GET  EMPTY_NAME,200,,DemoApp Thread Group 1-1,text,true,,526858,189,1,1,http://localhost:8080/search?name=,F:\disk E\Тестирование_материалы\jmeter_files\response_data\GET  EMPTY_NAME_response_07.01.47_30.06.2020_118.json,38,ISO-8859-1,1,0,DNAPC,0,0
1593489707338,2,GET NON_NUMERIC_ID,400,,DemoApp Thread Group 1-1,text,true,,254,204,1,1,http://localhost:8080/search?id=non_numeric_value,F:\disk E\Тестирование_материалы\jmeter_files\response_data\GET NON_NUMERIC_ID_response_07.01.47_30.06.2020_119.json,2,ISO-8859-1,1,0,DNAPC,0,0
1593489707341,2,POST NULL_NAME,200,,DemoApp Thread Group 1-1,,true,,121,217,1,1,http://localhost:8080/addCar,F:\disk E\Тестирование_материалы\jmeter_files\response_data\POST NULL_NAME_response_07.01.47_30.06.2020_120.unknown,2,ISO-8859-1,1,0,DNAPC,0,1
1593489707344,54,GET ALL,200,,DemoApp Thread Group 1-1,text,true,,526883,183,1,1,http://localhost:8080/search,F:\disk E\Тестирование_материалы\jmeter_files\response_data\GET ALL_response_07.01.47_30.06.2020_121.json,41,ISO-8859-1,1,0,DNAPC,0,0
1593489707408,1,GET VALID_NAME_AND_ID,200,,DemoApp Thread Group 1-1,text,true,,205,206,1,1,http://localhost:8080/search?id=1&name=aston-martin,F:\disk E\Тестирование_материалы\jmeter_files\response_data\GET VALID_NAME_AND_ID_response_07.01.47_30.06.2020_122.json,1,ISO-8859-1,1,0,DNAPC,0,0
1593489707410,1,GET VALID_ID,200,,DemoApp Thread Group 1-1,text,true,,205,188,1,1,http://localhost:8080/search?id=1,F:\disk E\Тестирование_материалы\jmeter_files\response_data\GET VALID_ID_response_07.01.47_30.06.2020_123.json,1,ISO-8859-1,1,0,DNAPC,0,0
1593489707412,19,GET VALID_NAME,200,,DemoApp Thread Group 1-1,text,true,,223310,201,1,1,http://localhost:8080/search?name=aston-martin,F:\disk E\Тестирование_материалы\jmeter_files\response_data\GET VALID_NAME_response_07.01.47_30.06.2020_124.json,14,ISO-8859-1,1,0,DNAPC,0,0
1593489707448,48,GET  EMPTY_NAME,200,,DemoApp Thread Group 1-1,text,true,,526883,189,1,1,http://localhost:8080/search?name=,F:\disk E\Тестирование_материалы\jmeter_files\response_data\GET  EMPTY_NAME_response_07.01.47_30.06.2020_125.json,34,ISO-8859-1,1,0,DNAPC,0,0
1593489707546,2,GET NON_NUMERIC_ID,400,,DemoApp Thread Group 1-1,text,true,,254,204,1,1,http://localhost:8080/search?id=non_numeric_value,F:\disk E\Тестирование_материалы\jmeter_files\response_data\GET NON_NUMERIC_ID_response_07.01.47_30.06.2020_126.json,1,ISO-8859-1,1,0,DNAPC,0,0
1593489707549,2,POST VALID_NAME,200,,DemoApp Thread Group 1-1,,true,,121,227,1,1,http://localhost:8080/addCar,F:\disk E\Тестирование_материалы\jmeter_files\response_data\POST VALID_NAME_response_07.01.47_30.06.2020_127.unknown,2,ISO-8859-1,1,0,DNAPC,0,1
1593489707552,53,GET ALL,200,,DemoApp Thread Group 1-1,text,true,,526918,183,1,1,http://localhost:8080/search,F:\disk E\Тестирование_материалы\jmeter_files\response_data\GET ALL_response_07.01.47_30.06.2020_128.json,34,ISO-8859-1,1,0,DNAPC,0,0
1593489707625,3,GET VALID_NAME_AND_ID,200,,DemoApp Thread Group 1-1,text,true,,205,206,1,1,http://localhost:8080/search?id=1&name=aston-martin,F:\disk E\Тестирование_материалы\jmeter_files\response_data\GET VALID_NAME_AND_ID_response_07.01.47_30.06.2020_129.json,3,ISO-8859-1,1,0,DNAPC,0,0
1593489707629,1,GET VALID_ID,200,,DemoApp Thread Group 1-1,text,true,,205,188,1,1,http://localhost:8080/search?id=1,F:\disk E\Тестирование_материалы\jmeter_files\response_data\GET VALID_ID_response_07.01.47_30.06.2020_130.json,1,ISO-8859-1,1,0,DNAPC,0,0
1593489707632,19,GET VALID_NAME,200,,DemoApp Thread Group 1-1,text,true,,223345,201,1,1,http://localhost:8080/search?name=aston-martin,F:\disk E\Тестирование_материалы\jmeter_files\response_data\GET VALID_NAME_response_07.01.47_30.06.2020_131.json,14,ISO-8859-1,1,0,DNAPC,0,0
1593489707672,52,GET  EMPTY_NAME,200,,DemoApp Thread Group 1-1,text,true,,526918,189,1,1,http://localhost:8080/search?name=,F:\disk E\Тестирование_материалы\jmeter_files\response_data\GET  EMPTY_NAME_response_07.01.47_30.06.2020_132.json,36,ISO-8859-1,1,0,DNAPC,0,0
1593489707779,2,GET NON_NUMERIC_ID,400,,DemoApp Thread Group 1-1,text,true,,254,204,1,1,http://localhost:8080/search?id=non_numeric_value,F:\disk E\Тестирование_материалы\jmeter_files\response_data\GET NON_NUMERIC_ID_response_07.01.47_30.06.2020_133.json,2,ISO-8859-1,1,0,DNAPC,0,0
1593489707782,3,POST EMPTY_NAME,200,,DemoApp Thread Group 1-1,,true,,121,215,1,1,http://localhost:8080/addCar,F:\disk E\Тестирование_материалы\jmeter_files\response_data\POST EMPTY_NAME_response_07.01.47_30.06.2020_134.unknown,3,ISO-8859-1,1,0,DNAPC,0,1
1593489707796,51,GET ALL,200,,DemoApp Thread Group 1-1,text,true,,526941,183,1,1,http://localhost:8080/search,F:\disk E\Тестирование_материалы\jmeter_files\response_data\GET ALL_response_07.01.47_30.06.2020_135.json,37,ISO-8859-1,1,0,DNAPC,0,0
1593489707858,1,GET VALID_NAME_AND_ID,200,,DemoApp Thread Group 1-1,text,true,,205,206,1,1,http://localhost:8080/search?id=1&name=aston-martin,F:\disk E\Тестирование_материалы\jmeter_files\response_data\GET VALID_NAME_AND_ID_response_07.01.47_30.06.2020_136.json,1,ISO-8859-1,1,0,DNAPC,0,0
1593489707863,1,GET VALID_ID,200,,DemoApp Thread Group 1-1,text,true,,205,188,1,1,http://localhost:8080/search?id=1,F:\disk E\Тестирование_материалы\jmeter_files\response_data\GET VALID_ID_response_07.01.47_30.06.2020_137.json,1,ISO-8859-1,1,0,DNAPC,0,0
1593489707865,22,GET VALID_NAME,200,,DemoApp Thread Group 1-1,text,true,,223345,201,1,1,http://localhost:8080/search?name=aston-martin,F:\disk E\Тестирование_материалы\jmeter_files\response_data\GET VALID_NAME_response_07.01.47_30.06.2020_138.json,15,ISO-8859-1,1,0,DNAPC,0,0
1593489707904,51,GET  EMPTY_NAME,200,,DemoApp Thread Group 1-1,text,true,,526941,189,1,1,http://localhost:8080/search?name=,F:\disk E\Тестирование_материалы\jmeter_files\response_data\GET  EMPTY_NAME_response_07.01.48_30.06.2020_139.json,36,ISO-8859-1,1,0,DNAPC,0,0
1593489708017,2,GET NON_NUMERIC_ID,400,,DemoApp Thread Group 1-1,text,true,,254,204,1,1,http://localhost:8080/search?id=non_numeric_value,F:\disk E\Тестирование_материалы\jmeter_files\response_data\GET NON_NUMERIC_ID_response_07.01.48_30.06.2020_140.json,2,ISO-8859-1,1,0,DNAPC,0,0
1593489708020,2,POST NULL_NAME,200,,DemoApp Thread Group 1-1,,true,,121,217,1,1,http://localhost:8080/addCar,F:\disk E\Тестирование_материалы\jmeter_files\response_data\POST NULL_NAME_response_07.01.48_30.06.2020_141.unknown,2,ISO-8859-1,1,0,DNAPC,0,1
1593489708023,48,GET ALL,200,,DemoApp Thread Group 1-1,text,true,,526966,183,1,1,http://localhost:8080/search,F:\disk E\Тестирование_материалы\jmeter_files\response_data\GET ALL_response_07.01.48_30.06.2020_142.json,34,ISO-8859-1,1,0,DNAPC,0,0
1593489708081,1,GET VALID_NAME_AND_ID,200,,DemoApp Thread Group 1-1,text,true,,205,206,1,1,http://localhost:8080/search?id=1&name=aston-martin,F:\disk E\Тестирование_материалы\jmeter_files\response_data\GET VALID_NAME_AND_ID_response_07.01.48_30.06.2020_143.json,1,ISO-8859-1,1,0,DNAPC,0,0
1593489708083,1,GET VALID_ID,200,,DemoApp Thread Group 1-1,text,true,,205,188,1,1,http://localhost:8080/search?id=1,F:\disk E\Тестирование_материалы\jmeter_files\response_data\GET VALID_ID_response_07.01.48_30.06.2020_144.json,1,ISO-8859-1,1,0,DNAPC,0,0
1593489708100,19,GET VALID_NAME,200,,DemoApp Thread Group 1-1,text,true,,223345,201,1,1,http://localhost:8080/search?name=aston-martin,F:\disk E\Тестирование_материалы\jmeter_files\response_data\GET VALID_NAME_response_07.01.48_30.06.2020_145.json,14,ISO-8859-1,1,0,DNAPC,0,0
1593489708135,61,GET  EMPTY_NAME,200,,DemoApp Thread Group 1-1,text,true,,526966,189,1,1,http://localhost:8080/search?name=,F:\disk E\Тестирование_материалы\jmeter_files\response_data\GET  EMPTY_NAME_response_07.01.48_30.06.2020_146.json,45,ISO-8859-1,1,0,DNAPC,0,0
1593489708245,2,GET NON_NUMERIC_ID,400,,DemoApp Thread Group 1-1,text,true,,254,204,1,1,http://localhost:8080/search?id=non_numeric_value,F:\disk E\Тестирование_материалы\jmeter_files\response_data\GET NON_NUMERIC_ID_response_07.01.48_30.06.2020_147.json,2,ISO-8859-1,1,0,DNAPC,0,0
1593489708248,6,POST VALID_NAME,200,,DemoApp Thread Group 1-1,,true,,121,227,1,1,http://localhost:8080/addCar,F:\disk E\Тестирование_материалы\jmeter_files\response_data\POST VALID_NAME_response_07.01.48_30.06.2020_148.unknown,6,ISO-8859-1,1,0,DNAPC,0,1
1593489708255,54,GET ALL,200,,DemoApp Thread Group 1-1,text,true,,527001,183,1,1,http://localhost:8080/search,F:\disk E\Тестирование_материалы\jmeter_files\response_data\GET ALL_response_07.01.48_30.06.2020_149.json,39,ISO-8859-1,1,0,DNAPC,0,0
1593489708319,2,GET VALID_NAME_AND_ID,200,,DemoApp Thread Group 1-1,text,true,,205,206,1,1,http://localhost:8080/search?id=1&name=aston-martin,F:\disk E\Тестирование_материалы\jmeter_files\response_data\GET VALID_NAME_AND_ID_response_07.01.48_30.06.2020_150.json,2,ISO-8859-1,1,0,DNAPC,0,0
1593489708322,1,GET VALID_ID,200,,DemoApp Thread Group 1-1,text,true,,205,188,1,1,http://localhost:8080/search?id=1,F:\disk E\Тестирование_материалы\jmeter_files\response_data\GET VALID_ID_response_07.01.48_30.06.2020_151.json,0,ISO-8859-1,1,0,DNAPC,0,0
1593489708323,18,GET VALID_NAME,200,,DemoApp Thread Group 1-1,text,true,,223380,201,1,1,http://localhost:8080/search?name=aston-martin,F:\disk E\Тестирование_материалы\jmeter_files\response_data\GET VALID_NAME_response_07.01.48_30.06.2020_152.json,13,ISO-8859-1,1,0,DNAPC,0,0
1593489708358,48,GET  EMPTY_NAME,200,,DemoApp Thread Group 1-1,text,true,,527001,189,1,1,http://localhost:8080/search?name=,F:\disk E\Тестирование_материалы\jmeter_files\response_data\GET  EMPTY_NAME_response_07.01.48_30.06.2020_153.json,34,ISO-8859-1,1,0,DNAPC,0,0
1593489708456,1,GET NON_NUMERIC_ID,400,,DemoApp Thread Group 1-1,text,true,,254,204,1,1,http://localhost:8080/search?id=non_numeric_value,F:\disk E\Тестирование_материалы\jmeter_files\response_data\GET NON_NUMERIC_ID_response_07.01.48_30.06.2020_154.json,1,ISO-8859-1,1,0,DNAPC,0,0
1593489708459,2,POST EMPTY_NAME,200,,DemoApp Thread Group 1-1,,true,,121,215,1,1,http://localhost:8080/addCar,F:\disk E\Тестирование_материалы\jmeter_files\response_data\POST EMPTY_NAME_response_07.01.48_30.06.2020_155.unknown,2,ISO-8859-1,1,0,DNAPC,0,1
1593489708462,48,GET ALL,200,,DemoApp Thread Group 1-1,text,true,,527024,183,1,1,http://localhost:8080/search,F:\disk E\Тестирование_материалы\jmeter_files\response_data\GET ALL_response_07.01.48_30.06.2020_156.json,34,ISO-8859-1,1,0,DNAPC,0,0
1593489708520,2,GET VALID_NAME_AND_ID,200,,DemoApp Thread Group 1-1,text,true,,205,206,1,1,http://localhost:8080/search?id=1&name=aston-martin,F:\disk E\Тестирование_материалы\jmeter_files\response_data\GET VALID_NAME_AND_ID_response_07.01.48_30.06.2020_157.json,2,ISO-8859-1,1,0,DNAPC,0,0
1593489708523,1,GET VALID_ID,200,,DemoApp Thread Group 1-1,text,true,,205,188,1,1,http://localhost:8080/search?id=1,F:\disk E\Тестирование_материалы\jmeter_files\response_data\GET VALID_ID_response_07.01.48_30.06.2020_158.json,1,ISO-8859-1,1,0,DNAPC,0,0
1593489708525,18,GET VALID_NAME,200,,DemoApp Thread Group 1-1,text,true,,223380,201,1,1,http://localhost:8080/search?name=aston-martin,F:\disk E\Тестирование_материалы\jmeter_files\response_data\GET VALID_NAME_response_07.01.48_30.06.2020_159.json,13,ISO-8859-1,1,0,DNAPC,0,0
1593489708559,49,GET  EMPTY_NAME,200,,DemoApp Thread Group 1-1,text,true,,527024,189,1,1,http://localhost:8080/search?name=,F:\disk E\Тестирование_материалы\jmeter_files\response_data\GET  EMPTY_NAME_response_07.01.48_30.06.2020_160.json,34,ISO-8859-1,1,0,DNAPC,0,0
1593489708669,2,GET NON_NUMERIC_ID,400,,DemoApp Thread Group 1-1,text,true,,254,204,1,1,http://localhost:8080/search?id=non_numeric_value,F:\disk E\Тестирование_материалы\jmeter_files\response_data\GET NON_NUMERIC_ID_response_07.01.48_30.06.2020_161.json,2,ISO-8859-1,1,0,DNAPC,0,0
1593489708672,2,POST NULL_NAME,200,,DemoApp Thread Group 1-1,,true,,121,217,1,1,http://localhost:8080/addCar,F:\disk E\Тестирование_материалы\jmeter_files\response_data\POST NULL_NAME_response_07.01.48_30.06.2020_162.unknown,2,ISO-8859-1,1,0,DNAPC,0,1
1593489708675,53,GET ALL,200,,DemoApp Thread Group 1-1,text,true,,527049,183,1,1,http://localhost:8080/search,F:\disk E\Тестирование_материалы\jmeter_files\response_data\GET ALL_response_07.01.48_30.06.2020_163.json,36,ISO-8859-1,1,0,DNAPC,0,0
1593489708741,1,GET VALID_NAME_AND_ID,200,,DemoApp Thread Group 1-1,text,true,,205,206,1,1,http://localhost:8080/search?id=1&name=aston-martin,F:\disk E\Тестирование_материалы\jmeter_files\response_data\GET VALID_NAME_AND_ID_response_07.01.48_30.06.2020_164.json,1,ISO-8859-1,1,0,DNAPC,0,0
1593489708744,1,GET VALID_ID,200,,DemoApp Thread Group 1-1,text,true,,205,188,1,1,http://localhost:8080/search?id=1,F:\disk E\Тестирование_материалы\jmeter_files\response_data\GET VALID_ID_response_07.01.48_30.06.2020_165.json,1,ISO-8859-1,1,0,DNAPC,0,0
1593489708747,20,GET VALID_NAME,200,,DemoApp Thread Group 1-1,text,true,,223380,201,1,1,http://localhost:8080/search?name=aston-martin,F:\disk E\Тестирование_материалы\jmeter_files\response_data\GET VALID_NAME_response_07.01.48_30.06.2020_166.json,15,ISO-8859-1,1,0,DNAPC,0,0
1593489708784,50,GET  EMPTY_NAME,200,,DemoApp Thread Group 1-1,text,true,,527049,189,1,1,http://localhost:8080/search?name=,F:\disk E\Тестирование_материалы\jmeter_files\response_data\GET  EMPTY_NAME_response_07.01.48_30.06.2020_167.json,35,ISO-8859-1,1,0,DNAPC,0,0
1593489708885,1,GET NON_NUMERIC_ID,400,,DemoApp Thread Group 1-1,text,true,,254,204,1,1,http://localhost:8080/search?id=non_numeric_value,F:\disk E\Тестирование_материалы\jmeter_files\response_data\GET NON_NUMERIC_ID_response_07.01.48_30.06.2020_168.json,1,ISO-8859-1,1,0,DNAPC,0,0
1593489708887,2,POST VALID_NAME,200,,DemoApp Thread Group 1-1,,true,,121,227,1,1,http://localhost:8080/addCar,F:\disk E\Тестирование_материалы\jmeter_files\response_data\POST VALID_NAME_response_07.01.48_30.06.2020_169.unknown,2,ISO-8859-1,1,0,DNAPC,0,1
1593489708890,47,GET ALL,200,,DemoApp Thread Group 1-1,text,true,,527084,183,1,1,http://localhost:8080/search,F:\disk E\Тестирование_материалы\jmeter_files\response_data\GET ALL_response_07.01.48_30.06.2020_170.json,33,ISO-8859-1,1,0,DNAPC,0,0
1593489708946,2,GET VALID_NAME_AND_ID,200,,DemoApp Thread Group 1-1,text,true,,205,206,1,1,http://localhost:8080/search?id=1&name=aston-martin,F:\disk E\Тестирование_материалы\jmeter_files\response_data\GET VALID_NAME_AND_ID_response_07.01.48_30.06.2020_171.json,2,ISO-8859-1,1,0,DNAPC,0,0
1593489708949,0,GET VALID_ID,200,,DemoApp Thread Group 1-1,text,true,,205,188,1,1,http://localhost:8080/search?id=1,F:\disk E\Тестирование_материалы\jmeter_files\response_data\GET VALID_ID_response_07.01.48_30.06.2020_172.json,0,ISO-8859-1,1,0,DNAPC,0,0
1593489708950,17,GET VALID_NAME,200,,DemoApp Thread Group 1-1,text,true,,223415,201,1,1,http://localhost:8080/search?name=aston-martin,F:\disk E\Тестирование_материалы\jmeter_files\response_data\GET VALID_NAME_response_07.01.48_30.06.2020_173.json,13,ISO-8859-1,1,0,DNAPC,0,0
1593489708984,47,GET  EMPTY_NAME,200,,DemoApp Thread Group 1-1,text,true,,527084,189,1,1,http://localhost:8080/search?name=,F:\disk E\Тестирование_материалы\jmeter_files\response_data\GET  EMPTY_NAME_response_07.01.49_30.06.2020_174.json,33,ISO-8859-1,1,0,DNAPC,0,0
1593489709081,1,GET NON_NUMERIC_ID,400,,DemoApp Thread Group 1-1,text,true,,254,204,1,1,http://localhost:8080/search?id=non_numeric_value,F:\disk E\Тестирование_материалы\jmeter_files\response_data\GET NON_NUMERIC_ID_response_07.01.49_30.06.2020_175.json,1,ISO-8859-1,1,0,DNAPC,0,0
1593489709083,2,POST EMPTY_NAME,200,,DemoApp Thread Group 1-1,,true,,121,215,1,1,http://localhost:8080/addCar,F:\disk E\Тестирование_материалы\jmeter_files\response_data\POST EMPTY_NAME_response_07.01.49_30.06.2020_176.unknown,2,ISO-8859-1,1,0,DNAPC,0,1
1593489709086,47,GET ALL,200,,DemoApp Thread Group 1-1,text,true,,527107,183,1,1,http://localhost:8080/search,F:\disk E\Тестирование_материалы\jmeter_files\response_data\GET ALL_response_07.01.49_30.06.2020_177.json,34,ISO-8859-1,1,0,DNAPC,0,0
1593489709143,2,GET VALID_NAME_AND_ID,200,,DemoApp Thread Group 1-1,text,true,,205,206,1,1,http://localhost:8080/search?id=1&name=aston-martin,F:\disk E\Тестирование_материалы\jmeter_files\response_data\GET VALID_NAME_AND_ID_response_07.01.49_30.06.2020_178.json,2,ISO-8859-1,1,0,DNAPC,0,0
1593489709146,1,GET VALID_ID,200,,DemoApp Thread Group 1-1,text,true,,205,188,1,1,http://localhost:8080/search?id=1,F:\disk E\Тестирование_материалы\jmeter_files\response_data\GET VALID_ID_response_07.01.49_30.06.2020_179.json,1,ISO-8859-1,1,0,DNAPC,0,0
1593489709148,19,GET VALID_NAME,200,,DemoApp Thread Group 1-1,text,true,,223415,201,1,1,http://localhost:8080/search?name=aston-martin,F:\disk E\Тестирование_материалы\jmeter_files\response_data\GET VALID_NAME_response_07.01.49_30.06.2020_180.json,13,ISO-8859-1,1,0,DNAPC,0,0
1593489709188,53,GET  EMPTY_NAME,200,,DemoApp Thread Group 1-1,text,true,,527107,189,1,1,http://localhost:8080/search?name=,F:\disk E\Тестирование_материалы\jmeter_files\response_data\GET  EMPTY_NAME_response_07.01.49_30.06.2020_181.json,39,ISO-8859-1,1,0,DNAPC,0,0
1593489709293,2,GET NON_NUMERIC_ID,400,,DemoApp Thread Group 1-1,text,true,,254,204,1,1,http://localhost:8080/search?id=non_numeric_value,F:\disk E\Тестирование_материалы\jmeter_files\response_data\GET NON_NUMERIC_ID_response_07.01.49_30.06.2020_182.json,2,ISO-8859-1,1,0,DNAPC,0,0
1593489709296,3,POST NULL_NAME,200,,DemoApp Thread Group 1-1,,true,,121,217,1,1,http://localhost:8080/addCar,F:\disk E\Тестирование_материалы\jmeter_files\response_data\POST NULL_NAME_response_07.01.49_30.06.2020_183.unknown,3,ISO-8859-1,1,0,DNAPC,0,2
1593489709299,75,GET ALL,200,,DemoApp Thread Group 1-1,text,true,,527132,183,1,1,http://localhost:8080/search,F:\disk E\Тестирование_материалы\jmeter_files\response_data\GET ALL_response_07.01.49_30.06.2020_184.json,39,ISO-8859-1,1,0,DNAPC,0,0
1593489709385,1,GET VALID_NAME_AND_ID,200,,DemoApp Thread Group 1-1,text,true,,205,206,1,1,http://localhost:8080/search?id=1&name=aston-martin,F:\disk E\Тестирование_материалы\jmeter_files\response_data\GET VALID_NAME_AND_ID_response_07.01.49_30.06.2020_185.json,1,ISO-8859-1,1,0,DNAPC,0,0
1593489709387,1,GET VALID_ID,200,,DemoApp Thread Group 1-1,text,true,,205,188,1,1,http://localhost:8080/search?id=1,F:\disk E\Тестирование_материалы\jmeter_files\response_data\GET VALID_ID_response_07.01.49_30.06.2020_186.json,1,ISO-8859-1,1,0,DNAPC,0,0
1593489709389,21,GET VALID_NAME,200,,DemoApp Thread Group 1-1,text,true,,223415,201,1,1,http://localhost:8080/search?name=aston-martin,F:\disk E\Тестирование_материалы\jmeter_files\response_data\GET VALID_NAME_response_07.01.49_30.06.2020_187.json,15,ISO-8859-1,1,0,DNAPC,0,0
1593489709428,53,GET  EMPTY_NAME,200,,DemoApp Thread Group 1-1,text,true,,527132,189,1,1,http://localhost:8080/search?name=,F:\disk E\Тестирование_материалы\jmeter_files\response_data\GET  EMPTY_NAME_response_07.01.49_30.06.2020_188.json,37,ISO-8859-1,1,0,DNAPC,0,0
1593489709536,2,GET NON_NUMERIC_ID,400,,DemoApp Thread Group 1-1,text,true,,254,204,1,1,http://localhost:8080/search?id=non_numeric_value,F:\disk E\Тестирование_материалы\jmeter_files\response_data\GET NON_NUMERIC_ID_response_07.01.49_30.06.2020_189.json,2,ISO-8859-1,1,0,DNAPC,0,0
1593489709539,3,POST VALID_NAME,200,,DemoApp Thread Group 1-1,,true,,121,227,1,1,http://localhost:8080/addCar,F:\disk E\Тестирование_материалы\jmeter_files\response_data\POST VALID_NAME_response_07.01.49_30.06.2020_190.unknown,3,ISO-8859-1,1,0,DNAPC,0,1
1593489709544,62,GET ALL,200,,DemoApp Thread Group 1-1,text,true,,527167,183,1,1,http://localhost:8080/search,F:\disk E\Тестирование_материалы\jmeter_files\response_data\GET ALL_response_07.01.49_30.06.2020_191.json,39,ISO-8859-1,1,0,DNAPC,0,0
1593489709622,2,GET VALID_NAME_AND_ID,200,,DemoApp Thread Group 1-1,text,true,,205,206,1,1,http://localhost:8080/search?id=1&name=aston-martin,F:\disk E\Тестирование_материалы\jmeter_files\response_data\GET VALID_NAME_AND_ID_response_07.01.49_30.06.2020_192.json,2,ISO-8859-1,1,0,DNAPC,0,0
1593489709626,2,GET VALID_ID,200,,DemoApp Thread Group 1-1,text,true,,205,188,1,1,http://localhost:8080/search?id=1,F:\disk E\Тестирование_материалы\jmeter_files\response_data\GET VALID_ID_response_07.01.49_30.06.2020_193.json,1,ISO-8859-1,1,0,DNAPC,0,0
1593489709630,23,GET VALID_NAME,200,,DemoApp Thread Group 1-1,text,true,,223450,201,1,1,http://localhost:8080/search?name=aston-martin,F:\disk E\Тестирование_материалы\jmeter_files\response_data\GET VALID_NAME_response_07.01.49_30.06.2020_194.json,17,ISO-8859-1,1,0,DNAPC,0,0
1593489709677,71,GET  EMPTY_NAME,200,,DemoApp Thread Group 1-1,text,true,,527167,189,1,1,http://localhost:8080/search?name=,F:\disk E\Тестирование_материалы\jmeter_files\response_data\GET  EMPTY_NAME_response_07.01.49_30.06.2020_195.json,53,ISO-8859-1,1,0,DNAPC,0,0
1593489709810,2,GET NON_NUMERIC_ID,400,,DemoApp Thread Group 1-1,text,true,,254,204,1,1,http://localhost:8080/search?id=non_numeric_value,F:\disk E\Тестирование_материалы\jmeter_files\response_data\GET NON_NUMERIC_ID_response_07.01.49_30.06.2020_196.json,2,ISO-8859-1,1,0,DNAPC,0,0
1593489709826,2,POST EMPTY_NAME,200,,DemoApp Thread Group 1-1,,true,,121,215,1,1,http://localhost:8080/addCar,F:\disk E\Тестирование_материалы\jmeter_files\response_data\POST EMPTY_NAME_response_07.01.49_30.06.2020_197.unknown,2,ISO-8859-1,1,0,DNAPC,0,1
1593489709829,54,GET ALL,200,,DemoApp Thread Group 1-1,text,true,,527190,183,1,1,http://localhost:8080/search,F:\disk E\Тестирование_материалы\jmeter_files\response_data\GET ALL_response_07.01.49_30.06.2020_198.json,39,ISO-8859-1,1,0,DNAPC,0,0
1593489709893,1,GET VALID_NAME_AND_ID,200,,DemoApp Thread Group 1-1,text,true,,205,206,1,1,http://localhost:8080/search?id=1&name=aston-martin,F:\disk E\Тестирование_материалы\jmeter_files\response_data\GET VALID_NAME_AND_ID_response_07.01.49_30.06.2020_199.json,1,ISO-8859-1,1,0,DNAPC,0,0
1593489709896,1,GET VALID_ID,200,,DemoApp Thread Group 1-1,text,true,,205,188,1,1,http://localhost:8080/search?id=1,F:\disk E\Тестирование_материалы\jmeter_files\response_data\GET VALID_ID_response_07.01.49_30.06.2020_200.json,1,ISO-8859-1,1,0,DNAPC,0,0
1593489709916,20,GET VALID_NAME,200,,DemoApp Thread Group 1-1,text,true,,223450,201,1,1,http://localhost:8080/search?name=aston-martin,F:\disk E\Тестирование_материалы\jmeter_files\response_data\GET VALID_NAME_response_07.01.49_30.06.2020_201.json,14,ISO-8859-1,1,0,DNAPC,0,0
1593489709953,55,GET  EMPTY_NAME,200,,DemoApp Thread Group 1-1,text,true,,527190,189,1,1,http://localhost:8080/search?name=,F:\disk E\Тестирование_материалы\jmeter_files\response_data\GET  EMPTY_NAME_response_07.01.50_30.06.2020_202.json,37,ISO-8859-1,1,0,DNAPC,0,0
1593489710059,2,GET NON_NUMERIC_ID,400,,DemoApp Thread Group 1-1,text,true,,254,204,1,1,http://localhost:8080/search?id=non_numeric_value,F:\disk E\Тестирование_материалы\jmeter_files\response_data\GET NON_NUMERIC_ID_response_07.01.50_30.06.2020_203.json,2,ISO-8859-1,1,0,DNAPC,0,0
1593489710062,3,POST NULL_NAME,200,,DemoApp Thread Group 1-1,,true,,121,217,1,1,http://localhost:8080/addCar,F:\disk E\Тестирование_материалы\jmeter_files\response_data\POST NULL_NAME_response_07.01.50_30.06.2020_204.unknown,3,ISO-8859-1,1,0,DNAPC,0,2
1593489710066,56,GET ALL,200,,DemoApp Thread Group 1-1,text,true,,527215,183,1,1,http://localhost:8080/search,F:\disk E\Тестирование_материалы\jmeter_files\response_data\GET ALL_response_07.01.50_30.06.2020_205.json,40,ISO-8859-1,1,0,DNAPC,0,0
1593489710133,1,GET VALID_NAME_AND_ID,200,,DemoApp Thread Group 1-1,text,true,,205,206,1,1,http://localhost:8080/search?id=1&name=aston-martin,F:\disk E\Тестирование_материалы\jmeter_files\response_data\GET VALID_NAME_AND_ID_response_07.01.50_30.06.2020_206.json,1,ISO-8859-1,1,0,DNAPC,0,0
1593489710135,1,GET VALID_ID,200,,DemoApp Thread Group 1-1,text,true,,205,188,1,1,http://localhost:8080/search?id=1,F:\disk E\Тестирование_материалы\jmeter_files\response_data\GET VALID_ID_response_07.01.50_30.06.2020_207.json,1,ISO-8859-1,1,0,DNAPC,0,0
1593489710137,21,GET VALID_NAME,200,,DemoApp Thread Group 1-1,text,true,,223450,201,1,1,http://localhost:8080/search?name=aston-martin,F:\disk E\Тестирование_материалы\jmeter_files\response_data\GET VALID_NAME_response_07.01.50_30.06.2020_208.json,14,ISO-8859-1,1,0,DNAPC,0,0
1593489710176,76,GET  EMPTY_NAME,200,,DemoApp Thread Group 1-1,text,true,,527215,189,1,1,http://localhost:8080/search?name=,F:\disk E\Тестирование_материалы\jmeter_files\response_data\GET  EMPTY_NAME_response_07.01.50_30.06.2020_209.json,61,ISO-8859-1,1,0,DNAPC,0,0
1593489710312,2,GET NON_NUMERIC_ID,400,,DemoApp Thread Group 1-1,text,true,,254,204,1,1,http://localhost:8080/search?id=non_numeric_value,F:\disk E\Тестирование_материалы\jmeter_files\response_data\GET NON_NUMERIC_ID_response_07.01.50_30.06.2020_210.json,1,ISO-8859-1,1,0,DNAPC,0,0
1593489710315,2,POST VALID_NAME,200,,DemoApp Thread Group 1-1,,true,,121,227,1,1,http://localhost:8080/addCar,F:\disk E\Тестирование_материалы\jmeter_files\response_data\POST VALID_NAME_response_07.01.50_30.06.2020_211.unknown,2,ISO-8859-1,1,0,DNAPC,0,1
1593489710317,47,GET ALL,200,,DemoApp Thread Group 1-1,text,true,,527250,183,1,1,http://localhost:8080/search,F:\disk E\Тестирование_материалы\jmeter_files\response_data\GET ALL_response_07.01.50_30.06.2020_212.json,33,ISO-8859-1,1,0,DNAPC,0,0
1593489710377,1,GET VALID_NAME_AND_ID,200,,DemoApp Thread Group 1-1,text,true,,205,206,1,1,http://localhost:8080/search?id=1&name=aston-martin,F:\disk E\Тестирование_материалы\jmeter_files\response_data\GET VALID_NAME_AND_ID_response_07.01.50_30.06.2020_213.json,1,ISO-8859-1,1,0,DNAPC,0,0
1593489710380,0,GET VALID_ID,200,,DemoApp Thread Group 1-1,text,true,,205,188,1,1,http://localhost:8080/search?id=1,F:\disk E\Тестирование_материалы\jmeter_files\response_data\GET VALID_ID_response_07.01.50_30.06.2020_214.json,0,ISO-8859-1,1,0,DNAPC,0,0
1593489710381,18,GET VALID_NAME,200,,DemoApp Thread Group 1-1,text,true,,223485,201,1,1,http://localhost:8080/search?name=aston-martin,F:\disk E\Тестирование_материалы\jmeter_files\response_data\GET VALID_NAME_response_07.01.50_30.06.2020_215.json,13,ISO-8859-1,1,0,DNAPC,0,0
1593489710443,48,GET  EMPTY_NAME,200,,DemoApp Thread Group 1-1,text,true,,527250,189,1,1,http://localhost:8080/search?name=,F:\disk E\Тестирование_материалы\jmeter_files\response_data\GET  EMPTY_NAME_response_07.01.50_30.06.2020_216.json,34,ISO-8859-1,1,0,DNAPC,0,0
1593489710541,1,GET NON_NUMERIC_ID,400,,DemoApp Thread Group 1-1,text,true,,254,204,1,1,http://localhost:8080/search?id=non_numeric_value,F:\disk E\Тестирование_материалы\jmeter_files\response_data\GET NON_NUMERIC_ID_response_07.01.50_30.06.2020_217.json,1,ISO-8859-1,1,0,DNAPC,0,0
1593489710543,3,POST EMPTY_NAME,200,,DemoApp Thread Group 1-1,,true,,121,215,1,1,http://localhost:8080/addCar,F:\disk E\Тестирование_материалы\jmeter_files\response_data\POST EMPTY_NAME_response_07.01.50_30.06.2020_218.unknown,3,ISO-8859-1,1,0,DNAPC,0,1
1593489710546,49,GET ALL,200,,DemoApp Thread Group 1-1,text,true,,527273,183,1,1,http://localhost:8080/search,F:\disk E\Тестирование_материалы\jmeter_files\response_data\GET ALL_response_07.01.50_30.06.2020_219.json,34,ISO-8859-1,1,0,DNAPC,0,0
1593489710606,1,GET VALID_NAME_AND_ID,200,,DemoApp Thread Group 1-1,text,true,,205,206,1,1,http://localhost:8080/search?id=1&name=aston-martin,F:\disk E\Тестирование_материалы\jmeter_files\response_data\GET VALID_NAME_AND_ID_response_07.01.50_30.06.2020_220.json,1,ISO-8859-1,1,0,DNAPC,0,0
1593489710608,1,GET VALID_ID,200,,DemoApp Thread Group 1-1,text,true,,205,188,1,1,http://localhost:8080/search?id=1,F:\disk E\Тестирование_материалы\jmeter_files\response_data\GET VALID_ID_response_07.01.50_30.06.2020_221.json,1,ISO-8859-1,1,0,DNAPC,0,0
1593489710610,19,GET VALID_NAME,200,,DemoApp Thread Group 1-1,text,true,,223485,201,1,1,http://localhost:8080/search?name=aston-martin,F:\disk E\Тестирование_материалы\jmeter_files\response_data\GET VALID_NAME_response_07.01.50_30.06.2020_222.json,14,ISO-8859-1,1,0,DNAPC,0,0
1593489710645,66,GET  EMPTY_NAME,200,,DemoApp Thread Group 1-1,text,true,,527273,189,1,1,http://localhost:8080/search?name=,F:\disk E\Тестирование_материалы\jmeter_files\response_data\GET  EMPTY_NAME_response_07.01.50_30.06.2020_223.json,49,ISO-8859-1,1,0,DNAPC,0,0
1593489710773,2,GET NON_NUMERIC_ID,400,,DemoApp Thread Group 1-1,text,true,,254,204,1,1,http://localhost:8080/search?id=non_numeric_value,F:\disk E\Тестирование_материалы\jmeter_files\response_data\GET NON_NUMERIC_ID_response_07.01.50_30.06.2020_224.json,2,ISO-8859-1,1,0,DNAPC,0,0
1593489710801,3,POST NULL_NAME,200,,DemoApp Thread Group 1-1,,true,,121,217,1,1,http://localhost:8080/addCar,F:\disk E\Тестирование_материалы\jmeter_files\response_data\POST NULL_NAME_response_07.01.50_30.06.2020_225.unknown,3,ISO-8859-1,1,0,DNAPC,0,2
1593489710805,54,GET ALL,200,,DemoApp Thread Group 1-1,text,true,,527298,183,1,1,http://localhost:8080/search,F:\disk E\Тестирование_материалы\jmeter_files\response_data\GET ALL_response_07.01.50_30.06.2020_226.json,39,ISO-8859-1,1,0,DNAPC,0,0
1593489710868,2,GET VALID_NAME_AND_ID,200,,DemoApp Thread Group 1-1,text,true,,205,206,1,1,http://localhost:8080/search?id=1&name=aston-martin,F:\disk E\Тестирование_материалы\jmeter_files\response_data\GET VALID_NAME_AND_ID_response_07.01.50_30.06.2020_227.json,2,ISO-8859-1,1,0,DNAPC,0,0
1593489710871,0,GET VALID_ID,200,,DemoApp Thread Group 1-1,text,true,,205,188,1,1,http://localhost:8080/search?id=1,F:\disk E\Тестирование_материалы\jmeter_files\response_data\GET VALID_ID_response_07.01.50_30.06.2020_228.json,0,ISO-8859-1,1,0,DNAPC,0,0
1593489710872,19,GET VALID_NAME,200,,DemoApp Thread Group 1-1,text,true,,223485,201,1,1,http://localhost:8080/search?name=aston-martin,F:\disk E\Тестирование_материалы\jmeter_files\response_data\GET VALID_NAME_response_07.01.50_30.06.2020_229.json,14,ISO-8859-1,1,0,DNAPC,0,0
1593489710907,47,GET  EMPTY_NAME,200,,DemoApp Thread Group 1-1,text,true,,527298,189,1,1,http://localhost:8080/search?name=,F:\disk E\Тестирование_материалы\jmeter_files\response_data\GET  EMPTY_NAME_response_07.01.51_30.06.2020_230.json,33,ISO-8859-1,1,0,DNAPC,0,0
1593489711007,2,GET NON_NUMERIC_ID,400,,DemoApp Thread Group 1-1,text,true,,254,204,1,1,http://localhost:8080/search?id=non_numeric_value,F:\disk E\Тестирование_материалы\jmeter_files\response_data\GET NON_NUMERIC_ID_response_07.01.51_30.06.2020_231.json,1,ISO-8859-1,1,0,DNAPC,0,0
1593489711010,2,POST VALID_NAME,200,,DemoApp Thread Group 1-1,,true,,121,227,1,1,http://localhost:8080/addCar,F:\disk E\Тестирование_материалы\jmeter_files\response_data\POST VALID_NAME_response_07.01.51_30.06.2020_232.unknown,2,ISO-8859-1,1,0,DNAPC,0,1
1593489711013,48,GET ALL,200,,DemoApp Thread Group 1-1,text,true,,527333,183,1,1,http://localhost:8080/search,F:\disk E\Тестирование_материалы\jmeter_files\response_data\GET ALL_response_07.01.51_30.06.2020_233.json,34,ISO-8859-1,1,0,DNAPC,0,0
1593489711071,1,GET VALID_NAME_AND_ID,200,,DemoApp Thread Group 1-1,text,true,,205,206,1,1,http://localhost:8080/search?id=1&name=aston-martin,F:\disk E\Тестирование_материалы\jmeter_files\response_data\GET VALID_NAME_AND_ID_response_07.01.51_30.06.2020_234.json,1,ISO-8859-1,1,0,DNAPC,0,0
1593489711073,1,GET VALID_ID,200,,DemoApp Thread Group 1-1,text,true,,205,188,1,1,http://localhost:8080/search?id=1,F:\disk E\Тестирование_материалы\jmeter_files\response_data\GET VALID_ID_response_07.01.51_30.06.2020_235.json,1,ISO-8859-1,1,0,DNAPC,0,0
1593489711075,18,GET VALID_NAME,200,,DemoApp Thread Group 1-1,text,true,,223520,201,1,1,http://localhost:8080/search?name=aston-martin,F:\disk E\Тестирование_материалы\jmeter_files\response_data\GET VALID_NAME_response_07.01.51_30.06.2020_236.json,13,ISO-8859-1,1,0,DNAPC,0,0
1593489711110,49,GET  EMPTY_NAME,200,,DemoApp Thread Group 1-1,text,true,,527333,189,1,1,http://localhost:8080/search?name=,F:\disk E\Тестирование_материалы\jmeter_files\response_data\GET  EMPTY_NAME_response_07.01.51_30.06.2020_237.json,35,ISO-8859-1,1,0,DNAPC,0,0
1593489711210,2,GET NON_NUMERIC_ID,400,,DemoApp Thread Group 1-1,text,true,,254,204,1,1,http://localhost:8080/search?id=non_numeric_value,F:\disk E\Тестирование_материалы\jmeter_files\response_data\GET NON_NUMERIC_ID_response_07.01.51_30.06.2020_238.json,2,ISO-8859-1,1,0,DNAPC,0,0
1593489711213,3,POST EMPTY_NAME,200,,DemoApp Thread Group 1-1,,true,,121,215,1,1,http://localhost:8080/addCar,F:\disk E\Тестирование_материалы\jmeter_files\response_data\POST EMPTY_NAME_response_07.01.51_30.06.2020_239.unknown,3,ISO-8859-1,1,0,DNAPC,0,2
1593489711217,47,GET ALL,200,,DemoApp Thread Group 1-1,text,true,,527356,183,1,1,http://localhost:8080/search,F:\disk E\Тестирование_материалы\jmeter_files\response_data\GET ALL_response_07.01.51_30.06.2020_240.json,33,ISO-8859-1,1,0,DNAPC,0,0
1593489711274,2,GET VALID_NAME_AND_ID,200,,DemoApp Thread Group 1-1,text,true,,205,206,1,1,http://localhost:8080/search?id=1&name=aston-martin,F:\disk E\Тестирование_материалы\jmeter_files\response_data\GET VALID_NAME_AND_ID_response_07.01.51_30.06.2020_241.json,2,ISO-8859-1,1,0,DNAPC,0,0
1593489711276,1,GET VALID_ID,200,,DemoApp Thread Group 1-1,text,true,,205,188,1,1,http://localhost:8080/search?id=1,F:\disk E\Тестирование_материалы\jmeter_files\response_data\GET VALID_ID_response_07.01.51_30.06.2020_242.json,1,ISO-8859-1,1,0,DNAPC,0,0
1593489711278,21,GET VALID_NAME,200,,DemoApp Thread Group 1-1,text,true,,223520,201,1,1,http://localhost:8080/search?name=aston-martin,F:\disk E\Тестирование_материалы\jmeter_files\response_data\GET VALID_NAME_response_07.01.51_30.06.2020_243.json,16,ISO-8859-1,1,0,DNAPC,0,0
1593489711325,47,GET  EMPTY_NAME,200,,DemoApp Thread Group 1-1,text,true,,527356,189,1,1,http://localhost:8080/search?name=,F:\disk E\Тестирование_материалы\jmeter_files\response_data\GET  EMPTY_NAME_response_07.01.51_30.06.2020_244.json,34,ISO-8859-1,1,0,DNAPC,0,0
1593489711422,2,GET NON_NUMERIC_ID,400,,DemoApp Thread Group 1-1,text,true,,254,204,1,1,http://localhost:8080/search?id=non_numeric_value,F:\disk E\Тестирование_материалы\jmeter_files\response_data\GET NON_NUMERIC_ID_response_07.01.51_30.06.2020_245.json,2,ISO-8859-1,1,0,DNAPC,0,0
1593489711439,3,POST NULL_NAME,200,,DemoApp Thread Group 1-1,,true,,121,217,1,1,http://localhost:8080/addCar,F:\disk E\Тестирование_материалы\jmeter_files\response_data\POST NULL_NAME_response_07.01.51_30.06.2020_246.unknown,3,ISO-8859-1,1,0,DNAPC,0,2
1593489711442,48,GET ALL,200,,DemoApp Thread Group 1-1,text,true,,527381,183,1,1,http://localhost:8080/search,F:\disk E\Тестирование_материалы\jmeter_files\response_data\GET ALL_response_07.01.51_30.06.2020_247.json,33,ISO-8859-1,1,0,DNAPC,0,0
1593489711500,1,GET VALID_NAME_AND_ID,200,,DemoApp Thread Group 1-1,text,true,,205,206,1,1,http://localhost:8080/search?id=1&name=aston-martin,F:\disk E\Тестирование_материалы\jmeter_files\response_data\GET VALID_NAME_AND_ID_response_07.01.51_30.06.2020_248.json,1,ISO-8859-1,1,0,DNAPC,0,0
1593489711503,0,GET VALID_ID,200,,DemoApp Thread Group 1-1,text,true,,205,188,1,1,http://localhost:8080/search?id=1,F:\disk E\Тестирование_материалы\jmeter_files\response_data\GET VALID_ID_response_07.01.51_30.06.2020_249.json,0,ISO-8859-1,1,0,DNAPC,0,0
1593489711504,22,GET VALID_NAME,200,,DemoApp Thread Group 1-1,text,true,,223520,201,1,1,http://localhost:8080/search?name=aston-martin,F:\disk E\Тестирование_материалы\jmeter_files\response_data\GET VALID_NAME_response_07.01.51_30.06.2020_250.json,17,ISO-8859-1,1,0,DNAPC,0,0
1593489711542,49,GET  EMPTY_NAME,200,,DemoApp Thread Group 1-1,text,true,,527381,189,1,1,http://localhost:8080/search?name=,F:\disk E\Тестирование_материалы\jmeter_files\response_data\GET  EMPTY_NAME_response_07.01.51_30.06.2020_251.json,34,ISO-8859-1,1,0,DNAPC,0,0
1593489711664,1,GET NON_NUMERIC_ID,400,,DemoApp Thread Group 1-1,text,true,,254,204,1,1,http://localhost:8080/search?id=non_numeric_value,F:\disk E\Тестирование_материалы\jmeter_files\response_data\GET NON_NUMERIC_ID_response_07.01.51_30.06.2020_252.json,1,ISO-8859-1,1,0,DNAPC,0,0
1593489711667,2,POST VALID_NAME,200,,DemoApp Thread Group 1-1,,true,,121,227,1,1,http://localhost:8080/addCar,F:\disk E\Тестирование_материалы\jmeter_files\response_data\POST VALID_NAME_response_07.01.51_30.06.2020_253.unknown,2,ISO-8859-1,1,0,DNAPC,0,1
1593489711670,75,GET ALL,200,,DemoApp Thread Group 1-1,text,true,,527416,183,1,1,http://localhost:8080/search,F:\disk E\Тестирование_материалы\jmeter_files\response_data\GET ALL_response_07.01.51_30.06.2020_254.json,55,ISO-8859-1,1,0,DNAPC,0,0
1593489711757,3,GET VALID_NAME_AND_ID,200,,DemoApp Thread Group 1-1,text,true,,205,206,1,1,http://localhost:8080/search?id=1&name=aston-martin,F:\disk E\Тестирование_материалы\jmeter_files\response_data\GET VALID_NAME_AND_ID_response_07.01.51_30.06.2020_255.json,3,ISO-8859-1,1,0,DNAPC,0,0
1593489711762,1,GET VALID_ID,200,,DemoApp Thread Group 1-1,text,true,,205,188,1,1,http://localhost:8080/search?id=1,F:\disk E\Тестирование_материалы\jmeter_files\response_data\GET VALID_ID_response_07.01.51_30.06.2020_256.json,1,ISO-8859-1,1,0,DNAPC,0,0
1593489711766,22,GET VALID_NAME,200,,DemoApp Thread Group 1-1,text,true,,223555,201,1,1,http://localhost:8080/search?name=aston-martin,F:\disk E\Тестирование_материалы\jmeter_files\response_data\GET VALID_NAME_response_07.01.51_30.06.2020_257.json,17,ISO-8859-1,1,0,DNAPC,0,0
1593489711804,48,GET  EMPTY_NAME,200,,DemoApp Thread Group 1-1,text,true,,527416,189,1,1,http://localhost:8080/search?name=,F:\disk E\Тестирование_материалы\jmeter_files\response_data\GET  EMPTY_NAME_response_07.01.51_30.06.2020_258.json,34,ISO-8859-1,1,0,DNAPC,0,0
1593489711902,1,GET NON_NUMERIC_ID,400,,DemoApp Thread Group 1-1,text,true,,254,204,1,1,http://localhost:8080/search?id=non_numeric_value,F:\disk E\Тестирование_материалы\jmeter_files\response_data\GET NON_NUMERIC_ID_response_07.01.51_30.06.2020_259.json,1,ISO-8859-1,1,0,DNAPC,0,0
1593489711913,2,POST EMPTY_NAME,200,,DemoApp Thread Group 1-1,,true,,121,215,1,1,http://localhost:8080/addCar,F:\disk E\Тестирование_материалы\jmeter_files\response_data\POST EMPTY_NAME_response_07.01.51_30.06.2020_260.unknown,2,ISO-8859-1,1,0,DNAPC,0,1
1593489711923,48,GET ALL,200,,DemoApp Thread Group 1-1,text,true,,527439,183,1,1,http://localhost:8080/search,F:\disk E\Тестирование_материалы\jmeter_files\response_data\GET ALL_response_07.01.51_30.06.2020_261.json,34,ISO-8859-1,1,0,DNAPC,0,0
1593489711981,1,GET VALID_NAME_AND_ID,200,,DemoApp Thread Group 1-1,text,true,,205,206,1,1,http://localhost:8080/search?id=1&name=aston-martin,F:\disk E\Тестирование_материалы\jmeter_files\response_data\GET VALID_NAME_AND_ID_response_07.01.51_30.06.2020_262.json,1,ISO-8859-1,1,0,DNAPC,0,0
1593489711983,1,GET VALID_ID,200,,DemoApp Thread Group 1-1,text,true,,205,188,1,1,http://localhost:8080/search?id=1,F:\disk E\Тестирование_материалы\jmeter_files\response_data\GET VALID_ID_response_07.01.51_30.06.2020_263.json,1,ISO-8859-1,1,0,DNAPC,0,0
1593489711985,17,GET VALID_NAME,200,,DemoApp Thread Group 1-1,text,true,,223555,201,1,1,http://localhost:8080/search?name=aston-martin,F:\disk E\Тестирование_материалы\jmeter_files\response_data\GET VALID_NAME_response_07.01.52_30.06.2020_264.json,13,ISO-8859-1,1,0,DNAPC,0,0
1593489712019,47,GET  EMPTY_NAME,200,,DemoApp Thread Group 1-1,text,true,,527439,189,1,1,http://localhost:8080/search?name=,F:\disk E\Тестирование_материалы\jmeter_files\response_data\GET  EMPTY_NAME_response_07.01.52_30.06.2020_265.json,33,ISO-8859-1,1,0,DNAPC,0,0
1593489712116,2,GET NON_NUMERIC_ID,400,,DemoApp Thread Group 1-1,text,true,,254,204,1,1,http://localhost:8080/search?id=non_numeric_value,F:\disk E\Тестирование_материалы\jmeter_files\response_data\GET NON_NUMERIC_ID_response_07.01.52_30.06.2020_266.json,2,ISO-8859-1,1,0,DNAPC,0,0
1593489712120,5,POST NULL_NAME,200,,DemoApp Thread Group 1-1,,true,,121,217,1,1,http://localhost:8080/addCar,F:\disk E\Тестирование_материалы\jmeter_files\response_data\POST NULL_NAME_response_07.01.52_30.06.2020_267.unknown,5,ISO-8859-1,1,0,DNAPC,0,2
1593489712127,51,GET ALL,200,,DemoApp Thread Group 1-1,text,true,,527464,183,1,1,http://localhost:8080/search,F:\disk E\Тестирование_материалы\jmeter_files\response_data\GET ALL_response_07.01.52_30.06.2020_268.json,36,ISO-8859-1,1,0,DNAPC,0,0
1593489712202,2,GET VALID_NAME_AND_ID,200,,DemoApp Thread Group 1-1,text,true,,205,206,1,1,http://localhost:8080/search?id=1&name=aston-martin,F:\disk E\Тестирование_материалы\jmeter_files\response_data\GET VALID_NAME_AND_ID_response_07.01.52_30.06.2020_269.json,2,ISO-8859-1,1,0,DNAPC,0,0
1593489712206,1,GET VALID_ID,200,,DemoApp Thread Group 1-1,text,true,,205,188,1,1,http://localhost:8080/search?id=1,F:\disk E\Тестирование_материалы\jmeter_files\response_data\GET VALID_ID_response_07.01.52_30.06.2020_270.json,0,ISO-8859-1,1,0,DNAPC,0,0
1593489712208,28,GET VALID_NAME,200,,DemoApp Thread Group 1-1,text,true,,223555,201,1,1,http://localhost:8080/search?name=aston-martin,F:\disk E\Тестирование_материалы\jmeter_files\response_data\GET VALID_NAME_response_07.01.52_30.06.2020_271.json,19,ISO-8859-1,1,0,DNAPC,0,0
1593489712254,51,GET  EMPTY_NAME,200,,DemoApp Thread Group 1-1,text,true,,527464,189,1,1,http://localhost:8080/search?name=,F:\disk E\Тестирование_материалы\jmeter_files\response_data\GET  EMPTY_NAME_response_07.01.52_30.06.2020_272.json,37,ISO-8859-1,1,0,DNAPC,0,0
1593489712364,2,GET NON_NUMERIC_ID,400,,DemoApp Thread Group 1-1,text,true,,254,204,1,1,http://localhost:8080/search?id=non_numeric_value,F:\disk E\Тестирование_материалы\jmeter_files\response_data\GET NON_NUMERIC_ID_response_07.01.52_30.06.2020_273.json,2,ISO-8859-1,1,0,DNAPC,0,0
1593489712367,2,POST VALID_NAME,200,,DemoApp Thread Group 1-1,,true,,121,227,1,1,http://localhost:8080/addCar,F:\disk E\Тестирование_материалы\jmeter_files\response_data\POST VALID_NAME_response_07.01.52_30.06.2020_274.unknown,2,ISO-8859-1,1,0,DNAPC,0,1
1593489712370,47,GET ALL,200,,DemoApp Thread Group 1-1,text,true,,527499,183,1,1,http://localhost:8080/search,F:\disk E\Тестирование_материалы\jmeter_files\response_data\GET ALL_response_07.01.52_30.06.2020_275.json,33,ISO-8859-1,1,0,DNAPC,0,0
1593489712427,2,GET VALID_NAME_AND_ID,200,,DemoApp Thread Group 1-1,text,true,,205,206,1,1,http://localhost:8080/search?id=1&name=aston-martin,F:\disk E\Тестирование_материалы\jmeter_files\response_data\GET VALID_NAME_AND_ID_response_07.01.52_30.06.2020_276.json,2,ISO-8859-1,1,0,DNAPC,0,0
1593489712439,1,GET VALID_ID,200,,DemoApp Thread Group 1-1,text,true,,205,188,1,1,http://localhost:8080/search?id=1,F:\disk E\Тестирование_материалы\jmeter_files\response_data\GET VALID_ID_response_07.01.52_30.06.2020_277.json,1,ISO-8859-1,1,0,DNAPC,0,0
1593489712441,19,GET VALID_NAME,200,,DemoApp Thread Group 1-1,text,true,,223590,201,1,1,http://localhost:8080/search?name=aston-martin,F:\disk E\Тестирование_материалы\jmeter_files\response_data\GET VALID_NAME_response_07.01.52_30.06.2020_278.json,14,ISO-8859-1,1,0,DNAPC,0,0
1593489712477,48,GET  EMPTY_NAME,200,,DemoApp Thread Group 1-1,text,true,,527499,189,1,1,http://localhost:8080/search?name=,F:\disk E\Тестирование_материалы\jmeter_files\response_data\GET  EMPTY_NAME_response_07.01.52_30.06.2020_279.json,34,ISO-8859-1,1,0,DNAPC,0,0
1593489712575,1,GET NON_NUMERIC_ID,400,,DemoApp Thread Group 1-1,text,true,,254,204,1,1,http://localhost:8080/search?id=non_numeric_value,F:\disk E\Тестирование_материалы\jmeter_files\response_data\GET NON_NUMERIC_ID_response_07.01.52_30.06.2020_280.json,1,ISO-8859-1,1,0,DNAPC,0,0
1593489712583,2,POST EMPTY_NAME,200,,DemoApp Thread Group 1-1,,true,,121,215,1,1,http://localhost:8080/addCar,F:\disk E\Тестирование_материалы\jmeter_files\response_data\POST EMPTY_NAME_response_07.01.52_30.06.2020_281.unknown,2,ISO-8859-1,1,0,DNAPC,0,1
1593489712586,49,GET ALL,200,,DemoApp Thread Group 1-1,text,true,,527522,183,1,1,http://localhost:8080/search,F:\disk E\Тестирование_материалы\jmeter_files\response_data\GET ALL_response_07.01.52_30.06.2020_282.json,34,ISO-8859-1,1,0,DNAPC,0,0
1593489712658,1,GET VALID_NAME_AND_ID,200,,DemoApp Thread Group 1-1,text,true,,205,206,1,1,http://localhost:8080/search?id=1&name=aston-martin,F:\disk E\Тестирование_материалы\jmeter_files\response_data\GET VALID_NAME_AND_ID_response_07.01.52_30.06.2020_283.json,1,ISO-8859-1,1,0,DNAPC,0,0
1593489712660,1,GET VALID_ID,200,,DemoApp Thread Group 1-1,text,true,,205,188,1,1,http://localhost:8080/search?id=1,F:\disk E\Тестирование_материалы\jmeter_files\response_data\GET VALID_ID_response_07.01.52_30.06.2020_284.json,1,ISO-8859-1,1,0,DNAPC,0,0
1593489712673,21,GET VALID_NAME,200,,DemoApp Thread Group 1-1,text,true,,223590,201,1,1,http://localhost:8080/search?name=aston-martin,F:\disk E\Тестирование_материалы\jmeter_files\response_data\GET VALID_NAME_response_07.01.52_30.06.2020_285.json,14,ISO-8859-1,1,0,DNAPC,0,0
1593489712710,76,GET  EMPTY_NAME,200,,DemoApp Thread Group 1-1,text,true,,527522,189,1,1,http://localhost:8080/search?name=,F:\disk E\Тестирование_материалы\jmeter_files\response_data\GET  EMPTY_NAME_response_07.01.52_30.06.2020_286.json,58,ISO-8859-1,1,0,DNAPC,0,0
1593489712838,2,GET NON_NUMERIC_ID,400,,DemoApp Thread Group 1-1,text,true,,254,204,1,1,http://localhost:8080/search?id=non_numeric_value,F:\disk E\Тестирование_материалы\jmeter_files\response_data\GET NON_NUMERIC_ID_response_07.01.52_30.06.2020_287.json,1,ISO-8859-1,1,0,DNAPC,0,0
1593489712840,3,POST NULL_NAME,200,,DemoApp Thread Group 1-1,,true,,121,217,1,1,http://localhost:8080/addCar,F:\disk E\Тестирование_материалы\jmeter_files\response_data\POST NULL_NAME_response_07.01.52_30.06.2020_288.unknown,3,ISO-8859-1,1,0,DNAPC,0,2
1593489712850,48,GET ALL,200,,DemoApp Thread Group 1-1,text,true,,527547,183,1,1,http://localhost:8080/search,F:\disk E\Тестирование_материалы\jmeter_files\response_data\GET ALL_response_07.01.52_30.06.2020_289.json,34,ISO-8859-1,1,0,DNAPC,0,0
1593489712909,1,GET VALID_NAME_AND_ID,200,,DemoApp Thread Group 1-1,text,true,,205,206,1,1,http://localhost:8080/search?id=1&name=aston-martin,F:\disk E\Тестирование_материалы\jmeter_files\response_data\GET VALID_NAME_AND_ID_response_07.01.52_30.06.2020_290.json,1,ISO-8859-1,1,0,DNAPC,0,0
1593489712924,1,GET VALID_ID,200,,DemoApp Thread Group 1-1,text,true,,205,188,1,1,http://localhost:8080/search?id=1,F:\disk E\Тестирование_материалы\jmeter_files\response_data\GET VALID_ID_response_07.01.52_30.06.2020_291.json,1,ISO-8859-1,1,0,DNAPC,0,0
1593489712926,18,GET VALID_NAME,200,,DemoApp Thread Group 1-1,text,true,,223590,201,1,1,http://localhost:8080/search?name=aston-martin,F:\disk E\Тестирование_материалы\jmeter_files\response_data\GET VALID_NAME_response_07.01.52_30.06.2020_292.json,13,ISO-8859-1,1,0,DNAPC,0,0
1593489712981,47,GET  EMPTY_NAME,200,,DemoApp Thread Group 1-1,text,true,,527547,189,1,1,http://localhost:8080/search?name=,F:\disk E\Тестирование_материалы\jmeter_files\response_data\GET  EMPTY_NAME_response_07.01.53_30.06.2020_293.json,33,ISO-8859-1,1,0,DNAPC,0,0
